
[{"model": "admin.logentry", "pk": 1, "fields": {"action_time": "2024-07-20T09:04:18.881Z", "user": 2, "content_type": 7, "object_id": "1", "object_repr": "Ankur garg", "action_flag": 2, "change_message": "[]"}}, {"model": "admin.logentry", "pk": 2, "fields": {"action_time": "2024-07-20T09:40:21.333Z", "user": 2, "content_type": 7, "object_id": "3", "object_repr": "Ankur garg", "action_flag": 3, "change_message": ""}}, {"model": "admin.logentry", "pk": 3, "fields": {"action_time": "2024-07-20T09:40:26.484Z", "user": 2, "content_type": 7, "object_id": "1", "object_repr": "Ankur garg", "action_flag": 3, "change_message": ""}}, {"model": "admin.logentry", "pk": 4, "fields": {"action_time": "2024-07-20T09:42:55.021Z", "user": 2, "content_type": 6, "object_id": "3", "object_repr": "Ankurgarg0704@gmail.com", "action_flag": 3, "change_message": ""}}, {"model": "admin.logentry", "pk": 5, "fields": {"action_time": "2024-07-20T09:43:00.221Z", "user": 2, "content_type": 6, "object_id": "1", "object_repr": "ankurtest@test.com", "action_flag": 3, "change_message": ""}}, {"model": "admin.logentry", "pk": 6, "fields": {"action_time": "2024-07-20T10:26:05.598Z", "user": 2, "content_type": 6, "object_id": "5", "object_repr": "Ankurgarg0704@gmail.com", "action_flag": 3, "change_message": ""}}, {"model": "admin.logentry", "pk": 7, "fields": {"action_time": "2024-07-20T10:28:48.192Z", "user": 2, "content_type": 6, "object_id": "6", "object_repr": "Ankurgarg0704@gmail.com", "action_flag": 3, "change_message": ""}}, {"model": "admin.logentry", "pk": 8, "fields": {"action_time": "2024-07-20T13:08:09.514Z", "user": 2, "content_type": 7, "object_id": "10", "object_repr": "ankur hari", "action_flag": 3, "change_message": ""}}, {"model": "admin.logentry", "pk": 9, "fields": {"action_time": "2024-07-20T13:08:15.993Z", "user": 2, "content_type": 7, "object_id": "9", "object_repr": "aniket sharma", "action_flag": 3, "change_message": ""}}, {"model": "admin.logentry", "pk": 10, "fields": {"action_time": "2024-07-20T13:08:24.476Z", "user": 2, "content_type": 7, "object_id": "4", "object_repr": "Ankur garg", "action_flag": 3, "change_message": ""}}, {"model": "admin.logentry", "pk": 11, "fields": {"action_time": "2024-07-20T13:35:57.867Z", "user": 2, "content_type": 6, "object_id": "10", "object_repr": "ankurtest07@test.com", "action_flag": 3, "change_message": ""}}, {"model": "admin.logentry", "pk": 12, "fields": {"action_time": "2024-07-20T13:36:03.254Z", "user": 2, "content_type": 6, "object_id": "9", "object_repr": "07ankur43@test.com", "action_flag": 3, "change_message": ""}}, {"model": "admin.logentry", "pk": 13, "fields": {"action_time": "2024-07-20T13:36:16.604Z", "user": 2, "content_type": 6, "object_id": "4", "object_repr": "ankurtest@test.com", "action_flag": 3, "change_message": ""}}, {"model": "admin.logentry", "pk": 14, "fields": {"action_time": "2024-07-20T13:44:20.438Z", "user": 2, "content_type": 6, "object_id": "11", "object_repr": "ankurtest@test.com", "action_flag": 3, "change_message": ""}}, {"model": "admin.logentry", "pk": 15, "fields": {"action_time": "2024-07-20T13:44:29.172Z", "user": 2, "content_type": 6, "object_id": "13", "object_repr": "ankur@test.com", "action_flag": 3, "change_message": ""}}, {"model": "admin.logentry", "pk": 16, "fields": {"action_time": "2024-07-20T13:44:41.263Z", "user": 2, "content_type": 6, "object_id": "12", "object_repr": "07ankur43@test.com", "action_flag": 3, "change_message": ""}}, {"model": "admin.logentry", "pk": 17, "fields": {"action_time": "2024-07-21T10:16:51.644Z", "user": 2, "content_type": 10, "object_id": "9Aw9aIioOa", "object_repr": "painting1", "action_flag": 1, "change_message": "[{\"added\": {}}]"}}, {"model": "admin.logentry", "pk": 18, "fields": {"action_time": "2024-07-21T13:21:30.555Z", "user": 2, "content_type": 6, "object_id": "14", "object_repr": "seller01@gmail.com", "action_flag": 1, "change_message": "[{\"added\": {}}]"}}, {"model": "admin.logentry", "pk": 19, "fields": {"action_time": "2024-07-21T13:21:52.162Z", "user": 2, "content_type": 6, "object_id": "15", "object_repr": "seller02@gmail.com", "action_flag": 1, "change_message": "[{\"added\": {}}]"}}, {"model": "admin.logentry", "pk": 20, "fields": {"action_time": "2024-07-21T13:22:07.502Z", "user": 2, "content_type": 6, "object_id": "16", "object_repr": "seller03@gmail.com", "action_flag": 1, "change_message": "[{\"added\": {}}]"}}, {"model": "admin.logentry", "pk": 21, "fields": {"action_time": "2024-07-21T13:22:39.097Z", "user": 2, "content_type": 8, "object_id": "14", "object_repr": "seller1", "action_flag": 1, "change_message": "[{\"added\": {}}]"}}, {"model": "admin.logentry", "pk": 22, "fields": {"action_time": "2024-07-21T13:22:58.766Z", "user": 2, "content_type": 8, "object_id": "15", "object_repr": "seller2", "action_flag": 1, "change_message": "[{\"added\": {}}]"}}, {"model": "admin.logentry", "pk": 23, "fields": {"action_time": "2024-07-21T13:23:18.341Z", "user": 2, "content_type": 8, "object_id": "16", "object_repr": "seller3", "action_flag": 1, "change_message": "[{\"added\": {}}]"}}, {"model": "admin.logentry", "pk": 24, "fields": {"action_time": "2024-07-21T13:24:25.548Z", "user": 2, "content_type": 10, "object_id": "RFJg0VeKXx", "object_repr": "painting2", "action_flag": 1, "change_message": "[{\"added\": {}}]"}}, {"model": "admin.logentry", "pk": 25, "fields": {"action_time": "2024-07-21T13:30:51.310Z", "user": 2, "content_type": 10, "object_id": "qAPxWhkRvl", "object_repr": "painting3", "action_flag": 1, "change_message": "[{\"added\": {}}]"}}, {"model": "admin.logentry", "pk": 26, "fields": {"action_time": "2024-07-21T13:31:16.294Z", "user": 2, "content_type": 10, "object_id": "xVIUsaf6MY", "object_repr": "painting4", "action_flag": 1, "change_message": "[{\"added\": {}}]"}}, {"model": "admin.logentry", "pk": 27, "fields": {"action_time": "2024-07-21T13:32:11.838Z", "user": 2, "content_type": 10, "object_id": "37h5j6xy0G", "object_repr": "paainting5", "action_flag": 1, "change_message": "[{\"added\": {}}]"}}, {"model": "admin.logentry", "pk": 28, "fields": {"action_time": "2024-07-21T13:32:40.969Z", "user": 2, "content_type": 10, "object_id": "WdYG6kmTRd", "object_repr": "painting6", "action_flag": 1, "change_message": "[{\"added\": {}}]"}}, {"model": "admin.logentry", "pk": 29, "fields": {"action_time": "2024-07-21T13:33:20.430Z", "user": 2, "content_type": 10, "object_id": "5dmy7JplLl", "object_repr": "painting7", "action_flag": 1, "change_message": "[{\"added\": {}}]"}}, {"model": "admin.logentry", "pk": 30, "fields": {"action_time": "2024-07-21T13:33:52.881Z", "user": 2, "content_type": 10, "object_id": "wHHN1K7Xs0", "object_repr": "painting8", "action_flag": 1, "change_message": "[{\"added\": {}}]"}}, {"model": "admin.logentry", "pk": 31, "fields": {"action_time": "2024-07-21T13:35:30.056Z", "user": 2, "content_type": 10, "object_id": "2cMOy7GvzI", "object_repr": "painting9", "action_flag": 1, "change_message": "[{\"added\": {}}]"}}, {"model": "admin.logentry", "pk": 32, "fields": {"action_time": "2024-07-21T13:36:04.807Z", "user": 2, "content_type": 10, "object_id": "XQ1g8pM6hh", "object_repr": "painting10", "action_flag": 1, "change_message": "[{\"added\": {}}]"}}, {"model": "admin.logentry", "pk": 33, "fields": {"action_time": "2024-07-21T13:36:29.659Z", "user": 2, "content_type": 10, "object_id": "GTjqRXJFmI", "object_repr": "painting11", "action_flag": 1, "change_message": "[{\"added\": {}}]"}}, {"model": "admin.logentry", "pk": 34, "fields": {"action_time": "2024-07-21T13:37:06.324Z", "user": 2, "content_type": 10, "object_id": "7wQgizqNG0", "object_repr": "painting12", "action_flag": 1, "change_message": "[{\"added\": {}}]"}}, {"model": "admin.logentry", "pk": 35, "fields": {"action_time": "2024-07-22T06:56:14.293Z", "user": 2, "content_type": 10, "object_id": "RFJg0VeKXx", "object_repr": "painting2", "action_flag": 3, "change_message": ""}}, {"model": "admin.logentry", "pk": 36, "fields": {"action_time": "2024-07-25T17:16:01.016Z", "user": 2, "content_type": 6, "object_id": "16", "object_repr": "seller03@gmail.com", "action_flag": 2, "change_message": "[{\"changed\": {\"fields\": [\"Password\"]}}]"}}, {"model": "admin.logentry", "pk": 37, "fields": {"action_time": "2024-07-25T17:16:07.209Z", "user": 2, "content_type": 6, "object_id": "15", "object_repr": "seller02@gmail.com", "action_flag": 2, "change_message": "[{\"changed\": {\"fields\": [\"Password\"]}}]"}}, {"model": "admin.logentry", "pk": 38, "fields": {"action_time": "2024-07-25T17:16:12.007Z", "user": 2, "content_type": 6, "object_id": "14", "object_repr": "seller01@gmail.com", "action_flag": 2, "change_message": "[{\"changed\": {\"fields\": [\"Password\"]}}]"}}, {"model": "admin.logentry", "pk": 39, "fields": {"action_time": "2024-07-27T05:55:19.556Z", "user": 2, "content_type": 12, "object_id": "1", "object_repr": "Ankur Garg", "action_flag": 3, "change_message": ""}}, {"model": "admin.logentry", "pk": 40, "fields": {"action_time": "2024-07-27T05:55:26.317Z", "user": 2, "content_type": 12, "object_id": "2", "object_repr": "Ankur Garg", "action_flag": 3, "change_message": ""}}, {"model": "admin.logentry", "pk": 41, "fields": {"action_time": "2024-07-27T12:55:45.778Z", "user": 2, "content_type": 12, "object_id": "3", "object_repr": "Ankur Garg", "action_flag": 3, "change_message": ""}}, {"model": "admin.logentry", "pk": 42, "fields": {"action_time": "2024-07-27T12:56:28.411Z", "user": 2, "content_type": 12, "object_id": "4", "object_repr": "Ankur Garg", "action_flag": 3, "change_message": ""}}, {"model": "admin.logentry", "pk": 43, "fields": {"action_time": "2024-07-27T12:56:34.252Z", "user": 2, "content_type": 12, "object_id": "5", "object_repr": "Ankur Garg", "action_flag": 3, "change_message": ""}}, {"model": "admin.logentry", "pk": 44, "fields": {"action_time": "2024-07-27T13:51:31.950Z", "user": 2, "content_type": 9, "object_id": "pBkWtCN_G4", "object_repr": "pBkWtCN_G4", "action_flag": 3, "change_message": ""}}, {"model": "admin.logentry", "pk": 45, "fields": {"action_time": "2024-07-27T13:51:37.386Z", "user": 2, "content_type": 9, "object_id": "QbLL3wRZss", "object_repr": "QbLL3wRZss", "action_flag": 3, "change_message": ""}}, {"model": "admin.logentry", "pk": 46, "fields": {"action_time": "2024-07-27T13:51:43.286Z", "user": 2, "content_type": 9, "object_id": "50lo96s2x9", "object_repr": "50lo96s2x9", "action_flag": 3, "change_message": ""}}, {"model": "admin.logentry", "pk": 47, "fields": {"action_time": "2024-07-29T08:52:36.311Z", "user": 2, "content_type": 9, "object_id": "-IjPPMwJ9Z", "object_repr": "-IjPPMwJ9Z", "action_flag": 3, "change_message": ""}}, {"model": "admin.logentry", "pk": 48, "fields": {"action_time": "2024-07-29T08:52:56.100Z", "user": 2, "content_type": 9, "object_id": "zqI3BTujl5", "object_repr": "zqI3BTujl5", "action_flag": 3, "change_message": ""}}, {"model": "admin.logentry", "pk": 49, "fields": {"action_time": "2024-07-29T08:52:56.109Z", "user": 2, "content_type": 9, "object_id": "UlXzB8JvCU", "object_repr": "UlXzB8JvCU", "action_flag": 3, "change_message": ""}}, {"model": "admin.logentry", "pk": 50, "fields": {"action_time": "2024-07-29T08:52:56.113Z", "user": 2, "content_type": 9, "object_id": "UcLbTc-f1A", "object_repr": "UcLbTc-f1A", "action_flag": 3, "change_message": ""}}, {"model": "admin.logentry", "pk": 51, "fields": {"action_time": "2024-07-29T08:52:56.116Z", "user": 2, "content_type": 9, "object_id": "UMeck1DJqP", "object_repr": "UMeck1DJqP", "action_flag": 3, "change_message": ""}}, {"model": "admin.logentry", "pk": 52, "fields": {"action_time": "2024-07-29T08:55:05.595Z", "user": 2, "content_type": 9, "object_id": "AoH8Dv_IrX", "object_repr": "AoH8Dv_IrX", "action_flag": 3, "change_message": ""}}, {"model": "admin.logentry", "pk": 53, "fields": {"action_time": "2024-07-29T17:12:46.903Z", "user": 2, "content_type": 9, "object_id": "7-CTug41TF", "object_repr": "7-CTug41TF", "action_flag": 3, "change_message": ""}}, {"model": "admin.logentry", "pk": 54, "fields": {"action_time": "2024-07-30T06:22:08.268Z", "user": 2, "content_type": 9, "object_id": "tW9GN0s0vn", "object_repr": "tW9GN0s0vn", "action_flag": 3, "change_message": ""}}, {"model": "admin.logentry", "pk": 55, "fields": {"action_time": "2024-07-30T06:22:08.274Z", "user": 2, "content_type": 9, "object_id": "fZaTB_QuUc", "object_repr": "fZaTB_QuUc", "action_flag": 3, "change_message": ""}}, {"model": "admin.logentry", "pk": 56, "fields": {"action_time": "2024-07-30T06:22:08.277Z", "user": 2, "content_type": 9, "object_id": "d-AGDet48q", "object_repr": "d-AGDet48q", "action_flag": 3, "change_message": ""}}, {"model": "admin.logentry", "pk": 57, "fields": {"action_time": "2024-07-30T06:22:08.280Z", "user": 2, "content_type": 9, "object_id": "UVmo4ckZF2", "object_repr": "UVmo4ckZF2", "action_flag": 3, "change_message": ""}}, {"model": "admin.logentry", "pk": 58, "fields": {"action_time": "2024-07-30T06:22:08.283Z", "user": 2, "content_type": 9, "object_id": "QBkC43XoS4", "object_repr": "QBkC43XoS4", "action_flag": 3, "change_message": ""}}, {"model": "admin.logentry", "pk": 59, "fields": {"action_time": "2024-07-30T06:22:08.286Z", "user": 2, "content_type": 9, "object_id": "LwRduWYEk5", "object_repr": "LwRduWYEk5", "action_flag": 3, "change_message": ""}}, {"model": "admin.logentry", "pk": 60, "fields": {"action_time": "2024-07-30T06:22:08.289Z", "user": 2, "content_type": 9, "object_id": "7KGKI-2TKp", "object_repr": "7KGKI-2TKp", "action_flag": 3, "change_message": ""}}, {"model": "admin.logentry", "pk": 61, "fields": {"action_time": "2024-07-30T06:22:08.291Z", "user": 2, "content_type": 9, "object_id": "1Mm3Od8OYv", "object_repr": "1Mm3Od8OYv", "action_flag": 3, "change_message": ""}}, {"model": "admin.logentry", "pk": 62, "fields": {"action_time": "2024-07-31T05:06:49.957Z", "user": 2, "content_type": 9, "object_id": "zng5gskd0Q", "object_repr": "zng5gskd0Q", "action_flag": 3, "change_message": ""}}, {"model": "admin.logentry", "pk": 63, "fields": {"action_time": "2024-07-31T05:06:49.976Z", "user": 2, "content_type": 9, "object_id": "ziuAQmRpXg", "object_repr": "ziuAQmRpXg", "action_flag": 3, "change_message": ""}}, {"model": "admin.logentry", "pk": 64, "fields": {"action_time": "2024-07-31T05:06:49.981Z", "user": 2, "content_type": 9, "object_id": "zQ6OFbcgth", "object_repr": "zQ6OFbcgth", "action_flag": 3, "change_message": ""}}, {"model": "admin.logentry", "pk": 65, "fields": {"action_time": "2024-07-31T05:06:49.984Z", "user": 2, "content_type": 9, "object_id": "zIKjfY8D34", "object_repr": "zIKjfY8D34", "action_flag": 3, "change_message": ""}}, {"model": "admin.logentry", "pk": 66, "fields": {"action_time": "2024-07-31T05:06:49.987Z", "user": 2, "content_type": 9, "object_id": "zFQd0RN6rb", "object_repr": "zFQd0RN6rb", "action_flag": 3, "change_message": ""}}, {"model": "admin.logentry", "pk": 67, "fields": {"action_time": "2024-07-31T05:06:49.991Z", "user": 2, "content_type": 9, "object_id": "zAH83gqFKM", "object_repr": "zAH83gqFKM", "action_flag": 3, "change_message": ""}}, {"model": "admin.logentry", "pk": 68, "fields": {"action_time": "2024-07-31T05:06:49.997Z", "user": 2, "content_type": 9, "object_id": "z32ZDjnn4e", "object_repr": "z32ZDjnn4e", "action_flag": 3, "change_message": ""}}, {"model": "admin.logentry", "pk": 69, "fields": {"action_time": "2024-07-31T05:06:49.999Z", "user": 2, "content_type": 9, "object_id": "yvY5qj3Hnz", "object_repr": "yvY5qj3Hnz", "action_flag": 3, "change_message": ""}}, {"model": "admin.logentry", "pk": 70, "fields": {"action_time": "2024-07-31T05:06:50.003Z", "user": 2, "content_type": 9, "object_id": "yo7aVutfla", "object_repr": "yo7aVutfla", "action_flag": 3, "change_message": ""}}, {"model": "admin.logentry", "pk": 71, "fields": {"action_time": "2024-07-31T05:06:50.006Z", "user": 2, "content_type": 9, "object_id": "yY8FwEKUVe", "object_repr": "yY8FwEKUVe", "action_flag": 3, "change_message": ""}}, {"model": "admin.logentry", "pk": 72, "fields": {"action_time": "2024-07-31T05:06:50.010Z", "user": 2, "content_type": 9, "object_id": "yQXOjyAikt", "object_repr": "yQXOjyAikt", "action_flag": 3, "change_message": ""}}, {"model": "admin.logentry", "pk": 73, "fields": {"action_time": "2024-07-31T05:06:50.012Z", "user": 2, "content_type": 9, "object_id": "yIVrp26QcG", "object_repr": "yIVrp26QcG", "action_flag": 3, "change_message": ""}}, {"model": "admin.logentry", "pk": 74, "fields": {"action_time": "2024-07-31T05:06:50.017Z", "user": 2, "content_type": 9, "object_id": "yIAymlhFkb", "object_repr": "yIAymlhFkb", "action_flag": 3, "change_message": ""}}, {"model": "admin.logentry", "pk": 75, "fields": {"action_time": "2024-07-31T05:06:50.018Z", "user": 2, "content_type": 9, "object_id": "y-ospQZmN0", "object_repr": "y-ospQZmN0", "action_flag": 3, "change_message": ""}}, {"model": "admin.logentry", "pk": 76, "fields": {"action_time": "2024-07-31T05:06:50.025Z", "user": 2, "content_type": 9, "object_id": "xfaoOVR6k3", "object_repr": "xfaoOVR6k3", "action_flag": 3, "change_message": ""}}, {"model": "admin.logentry", "pk": 77, "fields": {"action_time": "2024-07-31T05:06:50.029Z", "user": 2, "content_type": 9, "object_id": "xC477MXev-", "object_repr": "xC477MXev-", "action_flag": 3, "change_message": ""}}, {"model": "admin.logentry", "pk": 78, "fields": {"action_time": "2024-07-31T05:06:50.033Z", "user": 2, "content_type": 9, "object_id": "wYVA3aZwI8", "object_repr": "wYVA3aZwI8", "action_flag": 3, "change_message": ""}}, {"model": "admin.logentry", "pk": 79, "fields": {"action_time": "2024-07-31T05:06:50.033Z", "user": 2, "content_type": 9, "object_id": "wE_4Dt6uQz", "object_repr": "wE_4Dt6uQz", "action_flag": 3, "change_message": ""}}, {"model": "admin.logentry", "pk": 80, "fields": {"action_time": "2024-07-31T05:06:50.038Z", "user": 2, "content_type": 9, "object_id": "w3y9ZkFZYw", "object_repr": "w3y9ZkFZYw", "action_flag": 3, "change_message": ""}}, {"model": "admin.logentry", "pk": 81, "fields": {"action_time": "2024-07-31T05:06:50.040Z", "user": 2, "content_type": 9, "object_id": "vyh5Janivl", "object_repr": "vyh5Janivl", "action_flag": 3, "change_message": ""}}, {"model": "admin.logentry", "pk": 82, "fields": {"action_time": "2024-07-31T05:06:50.045Z", "user": 2, "content_type": 9, "object_id": "vtU9d7mSxN", "object_repr": "vtU9d7mSxN", "action_flag": 3, "change_message": ""}}, {"model": "admin.logentry", "pk": 83, "fields": {"action_time": "2024-07-31T05:06:50.045Z", "user": 2, "content_type": 9, "object_id": "vcwYu0AxbI", "object_repr": "vcwYu0AxbI", "action_flag": 3, "change_message": ""}}, {"model": "admin.logentry", "pk": 84, "fields": {"action_time": "2024-07-31T05:06:50.053Z", "user": 2, "content_type": 9, "object_id": "vVaMet8waU", "object_repr": "vVaMet8waU", "action_flag": 3, "change_message": ""}}, {"model": "admin.logentry", "pk": 85, "fields": {"action_time": "2024-07-31T05:06:50.053Z", "user": 2, "content_type": 9, "object_id": "v-A0CbubEf", "object_repr": "v-A0CbubEf", "action_flag": 3, "change_message": ""}}, {"model": "admin.logentry", "pk": 86, "fields": {"action_time": "2024-07-31T05:06:50.061Z", "user": 2, "content_type": 9, "object_id": "um7W6qrS1q", "object_repr": "um7W6qrS1q", "action_flag": 3, "change_message": ""}}, {"model": "admin.logentry", "pk": 87, "fields": {"action_time": "2024-07-31T05:06:50.062Z", "user": 2, "content_type": 9, "object_id": "uQUq-Y0GNK", "object_repr": "uQUq-Y0GNK", "action_flag": 3, "change_message": ""}}, {"model": "admin.logentry", "pk": 88, "fields": {"action_time": "2024-07-31T05:06:50.067Z", "user": 2, "content_type": 9, "object_id": "uOWsYOgCHl", "object_repr": "uOWsYOgCHl", "action_flag": 3, "change_message": ""}}, {"model": "admin.logentry", "pk": 89, "fields": {"action_time": "2024-07-31T05:06:50.070Z", "user": 2, "content_type": 9, "object_id": "tukyGyOsVB", "object_repr": "tukyGyOsVB", "action_flag": 3, "change_message": ""}}, {"model": "admin.logentry", "pk": 90, "fields": {"action_time": "2024-07-31T05:06:50.075Z", "user": 2, "content_type": 9, "object_id": "tsn4ze3Xsw", "object_repr": "tsn4ze3Xsw", "action_flag": 3, "change_message": ""}}, {"model": "admin.logentry", "pk": 91, "fields": {"action_time": "2024-07-31T05:06:50.075Z", "user": 2, "content_type": 9, "object_id": "tjbrxHP2YY", "object_repr": "tjbrxHP2YY", "action_flag": 3, "change_message": ""}}, {"model": "admin.logentry", "pk": 92, "fields": {"action_time": "2024-07-31T05:06:50.082Z", "user": 2, "content_type": 9, "object_id": "tevZqDHB2m", "object_repr": "tevZqDHB2m", "action_flag": 3, "change_message": ""}}, {"model": "admin.logentry", "pk": 93, "fields": {"action_time": "2024-07-31T05:06:50.085Z", "user": 2, "content_type": 9, "object_id": "tPshBqLcXM", "object_repr": "tPshBqLcXM", "action_flag": 3, "change_message": ""}}, {"model": "admin.logentry", "pk": 94, "fields": {"action_time": "2024-07-31T05:06:50.089Z", "user": 2, "content_type": 9, "object_id": "tMFE2TvbQh", "object_repr": "tMFE2TvbQh", "action_flag": 3, "change_message": ""}}, {"model": "admin.logentry", "pk": 95, "fields": {"action_time": "2024-07-31T05:06:50.090Z", "user": 2, "content_type": 9, "object_id": "tFUbDRFeH8", "object_repr": "tFUbDRFeH8", "action_flag": 3, "change_message": ""}}, {"model": "admin.logentry", "pk": 96, "fields": {"action_time": "2024-07-31T05:06:50.094Z", "user": 2, "content_type": 9, "object_id": "tBnR4RF03M", "object_repr": "tBnR4RF03M", "action_flag": 3, "change_message": ""}}, {"model": "admin.logentry", "pk": 97, "fields": {"action_time": "2024-07-31T05:06:50.094Z", "user": 2, "content_type": 9, "object_id": "sc2FOhIAlB", "object_repr": "sc2FOhIAlB", "action_flag": 3, "change_message": ""}}, {"model": "admin.logentry", "pk": 98, "fields": {"action_time": "2024-07-31T05:06:50.103Z", "user": 2, "content_type": 9, "object_id": "s_n_kIg8Pc", "object_repr": "s_n_kIg8Pc", "action_flag": 3, "change_message": ""}}, {"model": "admin.logentry", "pk": 99, "fields": {"action_time": "2024-07-31T05:06:50.107Z", "user": 2, "content_type": 9, "object_id": "sXbQly64V9", "object_repr": "sXbQly64V9", "action_flag": 3, "change_message": ""}}, {"model": "admin.logentry", "pk": 100, "fields": {"action_time": "2024-07-31T05:06:50.107Z", "user": 2, "content_type": 9, "object_id": "sQnzoNcIf5", "object_repr": "sQnzoNcIf5", "action_flag": 3, "change_message": ""}}, {"model": "admin.logentry", "pk": 101, "fields": {"action_time": "2024-07-31T05:06:50.107Z", "user": 2, "content_type": 9, "object_id": "sIRtndvsmH", "object_repr": "sIRtndvsmH", "action_flag": 3, "change_message": ""}}, {"model": "admin.logentry", "pk": 102, "fields": {"action_time": "2024-07-31T05:06:50.107Z", "user": 2, "content_type": 9, "object_id": "rsiF21XsQe", "object_repr": "rsiF21XsQe", "action_flag": 3, "change_message": ""}}, {"model": "admin.logentry", "pk": 103, "fields": {"action_time": "2024-07-31T05:06:50.120Z", "user": 2, "content_type": 9, "object_id": "rpkMi0NPX4", "object_repr": "rpkMi0NPX4", "action_flag": 3, "change_message": ""}}, {"model": "admin.logentry", "pk": 104, "fields": {"action_time": "2024-07-31T05:06:50.124Z", "user": 2, "content_type": 9, "object_id": "rUIIdZOMpR", "object_repr": "rUIIdZOMpR", "action_flag": 3, "change_message": ""}}, {"model": "admin.logentry", "pk": 105, "fields": {"action_time": "2024-07-31T05:06:50.124Z", "user": 2, "content_type": 9, "object_id": "rJ4cIiASIi", "object_repr": "rJ4cIiASIi", "action_flag": 3, "change_message": ""}}, {"model": "admin.logentry", "pk": 106, "fields": {"action_time": "2024-07-31T05:06:50.124Z", "user": 2, "content_type": 9, "object_id": "quSBwF9NWk", "object_repr": "quSBwF9NWk", "action_flag": 3, "change_message": ""}}, {"model": "admin.logentry", "pk": 107, "fields": {"action_time": "2024-07-31T05:06:50.124Z", "user": 2, "content_type": 9, "object_id": "qh6Ll356q5", "object_repr": "qh6Ll356q5", "action_flag": 3, "change_message": ""}}, {"model": "admin.logentry", "pk": 108, "fields": {"action_time": "2024-07-31T05:06:50.135Z", "user": 2, "content_type": 9, "object_id": "qWbgI94aQZ", "object_repr": "qWbgI94aQZ", "action_flag": 3, "change_message": ""}}, {"model": "admin.logentry", "pk": 109, "fields": {"action_time": "2024-07-31T05:06:50.140Z", "user": 2, "content_type": 9, "object_id": "qS_SLtFKgF", "object_repr": "qS_SLtFKgF", "action_flag": 3, "change_message": ""}}, {"model": "admin.logentry", "pk": 110, "fields": {"action_time": "2024-07-31T05:06:50.140Z", "user": 2, "content_type": 9, "object_id": "qQX_1b0mLt", "object_repr": "qQX_1b0mLt", "action_flag": 3, "change_message": ""}}, {"model": "admin.logentry", "pk": 111, "fields": {"action_time": "2024-07-31T05:06:50.140Z", "user": 2, "content_type": 9, "object_id": "qL7biUqp2X", "object_repr": "qL7biUqp2X", "action_flag": 3, "change_message": ""}}, {"model": "admin.logentry", "pk": 112, "fields": {"action_time": "2024-07-31T05:06:50.151Z", "user": 2, "content_type": 9, "object_id": "qFEKHZjVxH", "object_repr": "qFEKHZjVxH", "action_flag": 3, "change_message": ""}}, {"model": "admin.logentry", "pk": 113, "fields": {"action_time": "2024-07-31T05:06:50.155Z", "user": 2, "content_type": 9, "object_id": "q7PYo_bD-k", "object_repr": "q7PYo_bD-k", "action_flag": 3, "change_message": ""}}, {"model": "admin.logentry", "pk": 114, "fields": {"action_time": "2024-07-31T05:06:50.157Z", "user": 2, "content_type": 9, "object_id": "p7nLgHpPrB", "object_repr": "p7nLgHpPrB", "action_flag": 3, "change_message": ""}}, {"model": "admin.logentry", "pk": 115, "fields": {"action_time": "2024-07-31T05:06:50.157Z", "user": 2, "content_type": 9, "object_id": "ostaw6UUrR", "object_repr": "ostaw6UUrR", "action_flag": 3, "change_message": ""}}, {"model": "admin.logentry", "pk": 116, "fields": {"action_time": "2024-07-31T05:06:50.164Z", "user": 2, "content_type": 9, "object_id": "ntnvaYbnSn", "object_repr": "ntnvaYbnSn", "action_flag": 3, "change_message": ""}}, {"model": "admin.logentry", "pk": 117, "fields": {"action_time": "2024-07-31T05:06:50.168Z", "user": 2, "content_type": 9, "object_id": "nLHveFOBYc", "object_repr": "nLHveFOBYc", "action_flag": 3, "change_message": ""}}, {"model": "admin.logentry", "pk": 118, "fields": {"action_time": "2024-07-31T05:06:50.174Z", "user": 2, "content_type": 9, "object_id": "nHHCNgYCu4", "object_repr": "nHHCNgYCu4", "action_flag": 3, "change_message": ""}}, {"model": "admin.logentry", "pk": 119, "fields": {"action_time": "2024-07-31T05:06:50.176Z", "user": 2, "content_type": 9, "object_id": "n2W9eWOAv9", "object_repr": "n2W9eWOAv9", "action_flag": 3, "change_message": ""}}, {"model": "admin.logentry", "pk": 120, "fields": {"action_time": "2024-07-31T05:06:50.176Z", "user": 2, "content_type": 9, "object_id": "mqo6y4z7dF", "object_repr": "mqo6y4z7dF", "action_flag": 3, "change_message": ""}}, {"model": "admin.logentry", "pk": 121, "fields": {"action_time": "2024-07-31T05:06:50.184Z", "user": 2, "content_type": 9, "object_id": "moIyQJcWjl", "object_repr": "moIyQJcWjl", "action_flag": 3, "change_message": ""}}, {"model": "admin.logentry", "pk": 122, "fields": {"action_time": "2024-07-31T05:06:50.185Z", "user": 2, "content_type": 9, "object_id": "mlsPehPLra", "object_repr": "mlsPehPLra", "action_flag": 3, "change_message": ""}}, {"model": "admin.logentry", "pk": 123, "fields": {"action_time": "2024-07-31T05:06:50.190Z", "user": 2, "content_type": 9, "object_id": "mkJNYZZ16S", "object_repr": "mkJNYZZ16S", "action_flag": 3, "change_message": ""}}, {"model": "admin.logentry", "pk": 124, "fields": {"action_time": "2024-07-31T05:06:50.192Z", "user": 2, "content_type": 9, "object_id": "mT5clIOlxI", "object_repr": "mT5clIOlxI", "action_flag": 3, "change_message": ""}}, {"model": "admin.logentry", "pk": 125, "fields": {"action_time": "2024-07-31T05:06:50.197Z", "user": 2, "content_type": 9, "object_id": "mBTtgZGSby", "object_repr": "mBTtgZGSby", "action_flag": 3, "change_message": ""}}, {"model": "admin.logentry", "pk": 126, "fields": {"action_time": "2024-07-31T05:06:50.201Z", "user": 2, "content_type": 9, "object_id": "m-rREBZFtS", "object_repr": "m-rREBZFtS", "action_flag": 3, "change_message": ""}}, {"model": "admin.logentry", "pk": 127, "fields": {"action_time": "2024-07-31T05:06:50.204Z", "user": 2, "content_type": 9, "object_id": "lMzlfxm3Ps", "object_repr": "lMzlfxm3Ps", "action_flag": 3, "change_message": ""}}, {"model": "admin.logentry", "pk": 128, "fields": {"action_time": "2024-07-31T05:06:50.207Z", "user": 2, "content_type": 9, "object_id": "l6hVXRK_9h", "object_repr": "l6hVXRK_9h", "action_flag": 3, "change_message": ""}}, {"model": "admin.logentry", "pk": 129, "fields": {"action_time": "2024-07-31T05:06:50.212Z", "user": 2, "content_type": 9, "object_id": "l5KTnghh5w", "object_repr": "l5KTnghh5w", "action_flag": 3, "change_message": ""}}, {"model": "admin.logentry", "pk": 130, "fields": {"action_time": "2024-07-31T05:06:50.215Z", "user": 2, "content_type": 9, "object_id": "kNWETRSGuq", "object_repr": "kNWETRSGuq", "action_flag": 3, "change_message": ""}}, {"model": "admin.logentry", "pk": 131, "fields": {"action_time": "2024-07-31T05:06:50.219Z", "user": 2, "content_type": 9, "object_id": "kKjvszcfIu", "object_repr": "kKjvszcfIu", "action_flag": 3, "change_message": ""}}, {"model": "admin.logentry", "pk": 132, "fields": {"action_time": "2024-07-31T05:06:50.221Z", "user": 2, "content_type": 9, "object_id": "kGbbZ6_jjN", "object_repr": "kGbbZ6_jjN", "action_flag": 3, "change_message": ""}}, {"model": "admin.logentry", "pk": 133, "fields": {"action_time": "2024-07-31T05:06:50.226Z", "user": 2, "content_type": 9, "object_id": "jiFNngqvB0", "object_repr": "jiFNngqvB0", "action_flag": 3, "change_message": ""}}, {"model": "admin.logentry", "pk": 134, "fields": {"action_time": "2024-07-31T05:06:50.229Z", "user": 2, "content_type": 9, "object_id": "jNu6iFr-A8", "object_repr": "jNu6iFr-A8", "action_flag": 3, "change_message": ""}}, {"model": "admin.logentry", "pk": 135, "fields": {"action_time": "2024-07-31T05:06:50.233Z", "user": 2, "content_type": 9, "object_id": "j7M3S7Xamw", "object_repr": "j7M3S7Xamw", "action_flag": 3, "change_message": ""}}, {"model": "admin.logentry", "pk": 136, "fields": {"action_time": "2024-07-31T05:06:50.233Z", "user": 2, "content_type": 9, "object_id": "ikex33_Y-x", "object_repr": "ikex33_Y-x", "action_flag": 3, "change_message": ""}}, {"model": "admin.logentry", "pk": 137, "fields": {"action_time": "2024-07-31T05:06:50.240Z", "user": 2, "content_type": 9, "object_id": "iZbLZC2u7L", "object_repr": "iZbLZC2u7L", "action_flag": 3, "change_message": ""}}, {"model": "admin.logentry", "pk": 138, "fields": {"action_time": "2024-07-31T05:06:50.243Z", "user": 2, "content_type": 9, "object_id": "i4jDHZU9Vx", "object_repr": "i4jDHZU9Vx", "action_flag": 3, "change_message": ""}}, {"model": "admin.logentry", "pk": 139, "fields": {"action_time": "2024-07-31T05:06:50.248Z", "user": 2, "content_type": 9, "object_id": "hrts1mIzSU", "object_repr": "hrts1mIzSU", "action_flag": 3, "change_message": ""}}, {"model": "admin.logentry", "pk": 140, "fields": {"action_time": "2024-07-31T05:06:50.250Z", "user": 2, "content_type": 9, "object_id": "hkx-CbHM3q", "object_repr": "hkx-CbHM3q", "action_flag": 3, "change_message": ""}}, {"model": "admin.logentry", "pk": 141, "fields": {"action_time": "2024-07-31T05:06:50.250Z", "user": 2, "content_type": 9, "object_id": "hfvf7vwF5s", "object_repr": "hfvf7vwF5s", "action_flag": 3, "change_message": ""}}, {"model": "admin.logentry", "pk": 142, "fields": {"action_time": "2024-07-31T05:06:50.257Z", "user": 2, "content_type": 9, "object_id": "hKgUpHYn6x", "object_repr": "hKgUpHYn6x", "action_flag": 3, "change_message": ""}}, {"model": "admin.logentry", "pk": 143, "fields": {"action_time": "2024-07-31T05:06:50.257Z", "user": 2, "content_type": 9, "object_id": "hBY1OJHVWw", "object_repr": "hBY1OJHVWw", "action_flag": 3, "change_message": ""}}, {"model": "admin.logentry", "pk": 144, "fields": {"action_time": "2024-07-31T05:06:50.265Z", "user": 2, "content_type": 9, "object_id": "h38sAybWQg", "object_repr": "h38sAybWQg", "action_flag": 3, "change_message": ""}}, {"model": "admin.logentry", "pk": 145, "fields": {"action_time": "2024-07-31T05:06:50.269Z", "user": 2, "content_type": 9, "object_id": "g7R3YxecqJ", "object_repr": "g7R3YxecqJ", "action_flag": 3, "change_message": ""}}, {"model": "admin.logentry", "pk": 146, "fields": {"action_time": "2024-07-31T05:06:50.272Z", "user": 2, "content_type": 9, "object_id": "g5dErg6xMP", "object_repr": "g5dErg6xMP", "action_flag": 3, "change_message": ""}}, {"model": "admin.logentry", "pk": 147, "fields": {"action_time": "2024-07-31T05:06:50.277Z", "user": 2, "content_type": 9, "object_id": "fcXwUu7xcM", "object_repr": "fcXwUu7xcM", "action_flag": 3, "change_message": ""}}, {"model": "admin.logentry", "pk": 148, "fields": {"action_time": "2024-07-31T05:06:50.281Z", "user": 2, "content_type": 9, "object_id": "fEn47Wrvhx", "object_repr": "fEn47Wrvhx", "action_flag": 3, "change_message": ""}}, {"model": "admin.logentry", "pk": 149, "fields": {"action_time": "2024-07-31T05:06:50.285Z", "user": 2, "content_type": 9, "object_id": "eDETw8pQgw", "object_repr": "eDETw8pQgw", "action_flag": 3, "change_message": ""}}, {"model": "admin.logentry", "pk": 150, "fields": {"action_time": "2024-07-31T05:06:50.288Z", "user": 2, "content_type": 9, "object_id": "eCponI3evN", "object_repr": "eCponI3evN", "action_flag": 3, "change_message": ""}}, {"model": "admin.logentry", "pk": 151, "fields": {"action_time": "2024-07-31T05:06:50.293Z", "user": 2, "content_type": 9, "object_id": "e16mxkoxVo", "object_repr": "e16mxkoxVo", "action_flag": 3, "change_message": ""}}, {"model": "admin.logentry", "pk": 152, "fields": {"action_time": "2024-07-31T05:06:50.297Z", "user": 2, "content_type": 9, "object_id": "dszngNPRTx", "object_repr": "dszngNPRTx", "action_flag": 3, "change_message": ""}}, {"model": "admin.logentry", "pk": 153, "fields": {"action_time": "2024-07-31T05:06:50.300Z", "user": 2, "content_type": 9, "object_id": "dpfmxhFt6b", "object_repr": "dpfmxhFt6b", "action_flag": 3, "change_message": ""}}, {"model": "admin.logentry", "pk": 154, "fields": {"action_time": "2024-07-31T05:06:50.304Z", "user": 2, "content_type": 9, "object_id": "dWNVMme8vg", "object_repr": "dWNVMme8vg", "action_flag": 3, "change_message": ""}}, {"model": "admin.logentry", "pk": 155, "fields": {"action_time": "2024-07-31T05:06:50.306Z", "user": 2, "content_type": 9, "object_id": "d1xYqkzqYM", "object_repr": "d1xYqkzqYM", "action_flag": 3, "change_message": ""}}, {"model": "admin.logentry", "pk": 156, "fields": {"action_time": "2024-07-31T05:06:50.310Z", "user": 2, "content_type": 9, "object_id": "cgzohM0abK", "object_repr": "cgzohM0abK", "action_flag": 3, "change_message": ""}}, {"model": "admin.logentry", "pk": 157, "fields": {"action_time": "2024-07-31T05:06:50.313Z", "user": 2, "content_type": 9, "object_id": "cVk53Ql2Bx", "object_repr": "cVk53Ql2Bx", "action_flag": 3, "change_message": ""}}, {"model": "admin.logentry", "pk": 158, "fields": {"action_time": "2024-07-31T05:06:50.317Z", "user": 2, "content_type": 9, "object_id": "cTzVvxYhCt", "object_repr": "cTzVvxYhCt", "action_flag": 3, "change_message": ""}}, {"model": "admin.logentry", "pk": 159, "fields": {"action_time": "2024-07-31T05:06:50.321Z", "user": 2, "content_type": 9, "object_id": "cTUqhZhtiz", "object_repr": "cTUqhZhtiz", "action_flag": 3, "change_message": ""}}, {"model": "admin.logentry", "pk": 160, "fields": {"action_time": "2024-07-31T05:06:50.323Z", "user": 2, "content_type": 9, "object_id": "cOGO3Jgw7g", "object_repr": "cOGO3Jgw7g", "action_flag": 3, "change_message": ""}}, {"model": "admin.logentry", "pk": 161, "fields": {"action_time": "2024-07-31T05:06:50.329Z", "user": 2, "content_type": 9, "object_id": "c7JW_8iB-8", "object_repr": "c7JW_8iB-8", "action_flag": 3, "change_message": ""}}, {"model": "admin.logentry", "pk": 162, "fields": {"action_time": "2024-07-31T05:06:50.329Z", "user": 2, "content_type": 9, "object_id": "be3Obcsm9d", "object_repr": "be3Obcsm9d", "action_flag": 3, "change_message": ""}}, {"model": "admin.logentry", "pk": 163, "fields": {"action_time": "2024-07-31T05:06:50.334Z", "user": 2, "content_type": 9, "object_id": "bFjoWLScE2", "object_repr": "bFjoWLScE2", "action_flag": 3, "change_message": ""}}, {"model": "admin.logentry", "pk": 164, "fields": {"action_time": "2024-07-31T05:06:50.338Z", "user": 2, "content_type": 9, "object_id": "b73_LcsGZR", "object_repr": "b73_LcsGZR", "action_flag": 3, "change_message": ""}}, {"model": "admin.logentry", "pk": 165, "fields": {"action_time": "2024-07-31T05:06:50.342Z", "user": 2, "content_type": 9, "object_id": "awN7EM81d4", "object_repr": "awN7EM81d4", "action_flag": 3, "change_message": ""}}, {"model": "admin.logentry", "pk": 166, "fields": {"action_time": "2024-07-31T05:06:50.345Z", "user": 2, "content_type": 9, "object_id": "aPcdLKAqnb", "object_repr": "aPcdLKAqnb", "action_flag": 3, "change_message": ""}}, {"model": "admin.logentry", "pk": 167, "fields": {"action_time": "2024-07-31T05:06:50.349Z", "user": 2, "content_type": 9, "object_id": "aF_juutR47", "object_repr": "aF_juutR47", "action_flag": 3, "change_message": ""}}, {"model": "admin.logentry", "pk": 168, "fields": {"action_time": "2024-07-31T05:06:50.353Z", "user": 2, "content_type": 9, "object_id": "aFHOeioj3X", "object_repr": "aFHOeioj3X", "action_flag": 3, "change_message": ""}}, {"model": "admin.logentry", "pk": 169, "fields": {"action_time": "2024-07-31T05:06:50.356Z", "user": 2, "content_type": 9, "object_id": "a80V5cdpax", "object_repr": "a80V5cdpax", "action_flag": 3, "change_message": ""}}, {"model": "admin.logentry", "pk": 170, "fields": {"action_time": "2024-07-31T05:06:50.357Z", "user": 2, "content_type": 9, "object_id": "a5QmnfFWzo", "object_repr": "a5QmnfFWzo", "action_flag": 3, "change_message": ""}}, {"model": "admin.logentry", "pk": 171, "fields": {"action_time": "2024-07-31T05:06:50.364Z", "user": 2, "content_type": 9, "object_id": "_doVhOFdpU", "object_repr": "_doVhOFdpU", "action_flag": 3, "change_message": ""}}, {"model": "admin.logentry", "pk": 172, "fields": {"action_time": "2024-07-31T05:06:50.367Z", "user": 2, "content_type": 9, "object_id": "ZHKTb0B2Cf", "object_repr": "ZHKTb0B2Cf", "action_flag": 3, "change_message": ""}}, {"model": "admin.logentry", "pk": 173, "fields": {"action_time": "2024-07-31T05:06:50.370Z", "user": 2, "content_type": 9, "object_id": "Z7G3pSzXBV", "object_repr": "Z7G3pSzXBV", "action_flag": 3, "change_message": ""}}, {"model": "admin.logentry", "pk": 174, "fields": {"action_time": "2024-07-31T05:06:50.375Z", "user": 2, "content_type": 9, "object_id": "YyeB4og-VW", "object_repr": "YyeB4og-VW", "action_flag": 3, "change_message": ""}}, {"model": "admin.logentry", "pk": 175, "fields": {"action_time": "2024-07-31T05:06:50.379Z", "user": 2, "content_type": 9, "object_id": "Y8RgVUJW0N", "object_repr": "Y8RgVUJW0N", "action_flag": 3, "change_message": ""}}, {"model": "admin.logentry", "pk": 176, "fields": {"action_time": "2024-07-31T05:06:50.379Z", "user": 2, "content_type": 9, "object_id": "Y4uxBqvgFV", "object_repr": "Y4uxBqvgFV", "action_flag": 3, "change_message": ""}}, {"model": "admin.logentry", "pk": 177, "fields": {"action_time": "2024-07-31T05:06:50.385Z", "user": 2, "content_type": 9, "object_id": "X_-O6Ua8Ny", "object_repr": "X_-O6Ua8Ny", "action_flag": 3, "change_message": ""}}, {"model": "admin.logentry", "pk": 178, "fields": {"action_time": "2024-07-31T05:06:50.389Z", "user": 2, "content_type": 9, "object_id": "XV4tADa89B", "object_repr": "XV4tADa89B", "action_flag": 3, "change_message": ""}}, {"model": "admin.logentry", "pk": 179, "fields": {"action_time": "2024-07-31T05:06:50.392Z", "user": 2, "content_type": 9, "object_id": "XQINFluEXF", "object_repr": "XQINFluEXF", "action_flag": 3, "change_message": ""}}, {"model": "admin.logentry", "pk": 180, "fields": {"action_time": "2024-07-31T05:06:50.396Z", "user": 2, "content_type": 9, "object_id": "XPUQP5ylHn", "object_repr": "XPUQP5ylHn", "action_flag": 3, "change_message": ""}}, {"model": "admin.logentry", "pk": 181, "fields": {"action_time": "2024-07-31T05:06:50.399Z", "user": 2, "content_type": 9, "object_id": "XJWeM9Lagb", "object_repr": "XJWeM9Lagb", "action_flag": 3, "change_message": ""}}, {"model": "admin.logentry", "pk": 182, "fields": {"action_time": "2024-07-31T05:06:50.402Z", "user": 2, "content_type": 9, "object_id": "XHHqn-MzqW", "object_repr": "XHHqn-MzqW", "action_flag": 3, "change_message": ""}}, {"model": "admin.logentry", "pk": 183, "fields": {"action_time": "2024-07-31T05:06:50.407Z", "user": 2, "content_type": 9, "object_id": "X4kfc5mLwt", "object_repr": "X4kfc5mLwt", "action_flag": 3, "change_message": ""}}, {"model": "admin.logentry", "pk": 184, "fields": {"action_time": "2024-07-31T05:06:50.407Z", "user": 2, "content_type": 9, "object_id": "WpOTRokKZg", "object_repr": "WpOTRokKZg", "action_flag": 3, "change_message": ""}}, {"model": "admin.logentry", "pk": 185, "fields": {"action_time": "2024-07-31T05:06:50.415Z", "user": 2, "content_type": 9, "object_id": "WT2ChijqIB", "object_repr": "WT2ChijqIB", "action_flag": 3, "change_message": ""}}, {"model": "admin.logentry", "pk": 186, "fields": {"action_time": "2024-07-31T05:06:50.419Z", "user": 2, "content_type": 9, "object_id": "WBqi1W6ocA", "object_repr": "WBqi1W6ocA", "action_flag": 3, "change_message": ""}}, {"model": "admin.logentry", "pk": 187, "fields": {"action_time": "2024-07-31T05:06:50.421Z", "user": 2, "content_type": 9, "object_id": "VxfIR4oIYj", "object_repr": "VxfIR4oIYj", "action_flag": 3, "change_message": ""}}, {"model": "admin.logentry", "pk": 188, "fields": {"action_time": "2024-07-31T05:06:50.424Z", "user": 2, "content_type": 9, "object_id": "VmgNLQQxT7", "object_repr": "VmgNLQQxT7", "action_flag": 3, "change_message": ""}}, {"model": "admin.logentry", "pk": 189, "fields": {"action_time": "2024-07-31T05:06:50.429Z", "user": 2, "content_type": 9, "object_id": "VYKiDg5cEG", "object_repr": "VYKiDg5cEG", "action_flag": 3, "change_message": ""}}, {"model": "admin.logentry", "pk": 190, "fields": {"action_time": "2024-07-31T05:06:50.431Z", "user": 2, "content_type": 9, "object_id": "VSryf4FPq_", "object_repr": "VSryf4FPq_", "action_flag": 3, "change_message": ""}}, {"model": "admin.logentry", "pk": 191, "fields": {"action_time": "2024-07-31T05:06:50.435Z", "user": 2, "content_type": 9, "object_id": "VN8BPFOY8b", "object_repr": "VN8BPFOY8b", "action_flag": 3, "change_message": ""}}, {"model": "admin.logentry", "pk": 192, "fields": {"action_time": "2024-07-31T05:06:50.438Z", "user": 2, "content_type": 9, "object_id": "V4gimOj8Ak", "object_repr": "V4gimOj8Ak", "action_flag": 3, "change_message": ""}}, {"model": "admin.logentry", "pk": 193, "fields": {"action_time": "2024-07-31T05:06:50.442Z", "user": 2, "content_type": 9, "object_id": "Uz9WJBFxq4", "object_repr": "Uz9WJBFxq4", "action_flag": 3, "change_message": ""}}, {"model": "admin.logentry", "pk": 194, "fields": {"action_time": "2024-07-31T05:06:50.446Z", "user": 2, "content_type": 9, "object_id": "Uy4FKYrkht", "object_repr": "Uy4FKYrkht", "action_flag": 3, "change_message": ""}}, {"model": "admin.logentry", "pk": 195, "fields": {"action_time": "2024-07-31T05:06:50.448Z", "user": 2, "content_type": 9, "object_id": "U-EB_kXZBe", "object_repr": "U-EB_kXZBe", "action_flag": 3, "change_message": ""}}, {"model": "admin.logentry", "pk": 196, "fields": {"action_time": "2024-07-31T05:06:50.452Z", "user": 2, "content_type": 9, "object_id": "TfK9kHL6b1", "object_repr": "TfK9kHL6b1", "action_flag": 3, "change_message": ""}}, {"model": "admin.logentry", "pk": 197, "fields": {"action_time": "2024-07-31T05:06:50.454Z", "user": 2, "content_type": 9, "object_id": "TEWCwnt2Fs", "object_repr": "TEWCwnt2Fs", "action_flag": 3, "change_message": ""}}, {"model": "admin.logentry", "pk": 198, "fields": {"action_time": "2024-07-31T05:06:50.459Z", "user": 2, "content_type": 9, "object_id": "T9xsB50MG5", "object_repr": "T9xsB50MG5", "action_flag": 3, "change_message": ""}}, {"model": "admin.logentry", "pk": 199, "fields": {"action_time": "2024-07-31T05:06:50.461Z", "user": 2, "content_type": 9, "object_id": "SjYRZKfOmJ", "object_repr": "SjYRZKfOmJ", "action_flag": 3, "change_message": ""}}, {"model": "admin.logentry", "pk": 200, "fields": {"action_time": "2024-07-31T05:06:50.464Z", "user": 2, "content_type": 9, "object_id": "SeIU8-dkrm", "object_repr": "SeIU8-dkrm", "action_flag": 3, "change_message": ""}}, {"model": "admin.logentry", "pk": 201, "fields": {"action_time": "2024-07-31T05:06:50.469Z", "user": 2, "content_type": 9, "object_id": "SOXCU891KA", "object_repr": "SOXCU891KA", "action_flag": 3, "change_message": ""}}, {"model": "admin.logentry", "pk": 202, "fields": {"action_time": "2024-07-31T05:06:50.472Z", "user": 2, "content_type": 9, "object_id": "SIJz6vhovD", "object_repr": "SIJz6vhovD", "action_flag": 3, "change_message": ""}}, {"model": "admin.logentry", "pk": 203, "fields": {"action_time": "2024-07-31T05:06:50.476Z", "user": 2, "content_type": 9, "object_id": "RtwAi8qk2J", "object_repr": "RtwAi8qk2J", "action_flag": 3, "change_message": ""}}, {"model": "admin.logentry", "pk": 204, "fields": {"action_time": "2024-07-31T05:06:50.480Z", "user": 2, "content_type": 9, "object_id": "RtpORMfJbW", "object_repr": "RtpORMfJbW", "action_flag": 3, "change_message": ""}}, {"model": "admin.logentry", "pk": 205, "fields": {"action_time": "2024-07-31T05:06:50.482Z", "user": 2, "content_type": 9, "object_id": "RamALegqcR", "object_repr": "RamALegqcR", "action_flag": 3, "change_message": ""}}, {"model": "admin.logentry", "pk": 206, "fields": {"action_time": "2024-07-31T05:06:50.486Z", "user": 2, "content_type": 9, "object_id": "RInQeKjB5i", "object_repr": "RInQeKjB5i", "action_flag": 3, "change_message": ""}}, {"model": "admin.logentry", "pk": 207, "fields": {"action_time": "2024-07-31T05:06:50.489Z", "user": 2, "content_type": 9, "object_id": "QpENs1XEgn", "object_repr": "QpENs1XEgn", "action_flag": 3, "change_message": ""}}, {"model": "admin.logentry", "pk": 208, "fields": {"action_time": "2024-07-31T05:06:50.491Z", "user": 2, "content_type": 9, "object_id": "QkVTO6U2IK", "object_repr": "QkVTO6U2IK", "action_flag": 3, "change_message": ""}}, {"model": "admin.logentry", "pk": 209, "fields": {"action_time": "2024-07-31T05:06:50.496Z", "user": 2, "content_type": 9, "object_id": "QdxP6mQN3S", "object_repr": "QdxP6mQN3S", "action_flag": 3, "change_message": ""}}, {"model": "admin.logentry", "pk": 210, "fields": {"action_time": "2024-07-31T05:06:50.500Z", "user": 2, "content_type": 9, "object_id": "QbbbuBuItB", "object_repr": "QbbbuBuItB", "action_flag": 3, "change_message": ""}}, {"model": "admin.logentry", "pk": 211, "fields": {"action_time": "2024-07-31T05:06:50.504Z", "user": 2, "content_type": 9, "object_id": "QOvUw7QEWF", "object_repr": "QOvUw7QEWF", "action_flag": 3, "change_message": ""}}, {"model": "admin.logentry", "pk": 212, "fields": {"action_time": "2024-07-31T05:06:50.506Z", "user": 2, "content_type": 9, "object_id": "QAgePGXe00", "object_repr": "QAgePGXe00", "action_flag": 3, "change_message": ""}}, {"model": "admin.logentry", "pk": 213, "fields": {"action_time": "2024-07-31T05:06:50.511Z", "user": 2, "content_type": 9, "object_id": "Q6v7vFETpY", "object_repr": "Q6v7vFETpY", "action_flag": 3, "change_message": ""}}, {"model": "admin.logentry", "pk": 214, "fields": {"action_time": "2024-07-31T05:06:50.515Z", "user": 2, "content_type": 9, "object_id": "Pwy13wp0fz", "object_repr": "Pwy13wp0fz", "action_flag": 3, "change_message": ""}}, {"model": "admin.logentry", "pk": 215, "fields": {"action_time": "2024-07-31T05:06:50.519Z", "user": 2, "content_type": 9, "object_id": "PwfMpIvk26", "object_repr": "PwfMpIvk26", "action_flag": 3, "change_message": ""}}, {"model": "admin.logentry", "pk": 216, "fields": {"action_time": "2024-07-31T05:06:50.524Z", "user": 2, "content_type": 9, "object_id": "Pt1WoWnJl4", "object_repr": "Pt1WoWnJl4", "action_flag": 3, "change_message": ""}}, {"model": "admin.logentry", "pk": 217, "fields": {"action_time": "2024-07-31T05:06:50.526Z", "user": 2, "content_type": 9, "object_id": "Po9HoHDL5k", "object_repr": "Po9HoHDL5k", "action_flag": 3, "change_message": ""}}, {"model": "admin.logentry", "pk": 218, "fields": {"action_time": "2024-07-31T05:06:50.531Z", "user": 2, "content_type": 9, "object_id": "PW_eMxaPqZ", "object_repr": "PW_eMxaPqZ", "action_flag": 3, "change_message": ""}}, {"model": "admin.logentry", "pk": 219, "fields": {"action_time": "2024-07-31T05:06:50.535Z", "user": 2, "content_type": 9, "object_id": "PCWNFm_XSp", "object_repr": "PCWNFm_XSp", "action_flag": 3, "change_message": ""}}, {"model": "admin.logentry", "pk": 220, "fields": {"action_time": "2024-07-31T05:06:50.539Z", "user": 2, "content_type": 9, "object_id": "PAM0weqEL5", "object_repr": "PAM0weqEL5", "action_flag": 3, "change_message": ""}}, {"model": "admin.logentry", "pk": 221, "fields": {"action_time": "2024-07-31T05:06:50.542Z", "user": 2, "content_type": 9, "object_id": "Oz5P3ZFO98", "object_repr": "Oz5P3ZFO98", "action_flag": 3, "change_message": ""}}, {"model": "admin.logentry", "pk": 222, "fields": {"action_time": "2024-07-31T05:06:50.546Z", "user": 2, "content_type": 9, "object_id": "OdidzHzG37", "object_repr": "OdidzHzG37", "action_flag": 3, "change_message": ""}}, {"model": "admin.logentry", "pk": 223, "fields": {"action_time": "2024-07-31T05:06:50.550Z", "user": 2, "content_type": 9, "object_id": "Np97cOEvP2", "object_repr": "Np97cOEvP2", "action_flag": 3, "change_message": ""}}, {"model": "admin.logentry", "pk": 224, "fields": {"action_time": "2024-07-31T05:06:50.554Z", "user": 2, "content_type": 9, "object_id": "NgGRorkwtl", "object_repr": "NgGRorkwtl", "action_flag": 3, "change_message": ""}}, {"model": "admin.logentry", "pk": 225, "fields": {"action_time": "2024-07-31T05:06:50.559Z", "user": 2, "content_type": 9, "object_id": "MxsKMlrcoL", "object_repr": "MxsKMlrcoL", "action_flag": 3, "change_message": ""}}, {"model": "admin.logentry", "pk": 226, "fields": {"action_time": "2024-07-31T05:06:50.563Z", "user": 2, "content_type": 9, "object_id": "MXHOyXL0pJ", "object_repr": "MXHOyXL0pJ", "action_flag": 3, "change_message": ""}}, {"model": "admin.logentry", "pk": 227, "fields": {"action_time": "2024-07-31T05:06:50.566Z", "user": 2, "content_type": 9, "object_id": "MP3AUJn9p6", "object_repr": "MP3AUJn9p6", "action_flag": 3, "change_message": ""}}, {"model": "admin.logentry", "pk": 228, "fields": {"action_time": "2024-07-31T05:06:50.571Z", "user": 2, "content_type": 9, "object_id": "Lt3odPykT7", "object_repr": "Lt3odPykT7", "action_flag": 3, "change_message": ""}}, {"model": "admin.logentry", "pk": 229, "fields": {"action_time": "2024-07-31T05:06:50.575Z", "user": 2, "content_type": 9, "object_id": "LNx5Aa66N1", "object_repr": "LNx5Aa66N1", "action_flag": 3, "change_message": ""}}, {"model": "admin.logentry", "pk": 230, "fields": {"action_time": "2024-07-31T05:06:50.578Z", "user": 2, "content_type": 9, "object_id": "L90gso3FBF", "object_repr": "L90gso3FBF", "action_flag": 3, "change_message": ""}}, {"model": "admin.logentry", "pk": 231, "fields": {"action_time": "2024-07-31T05:06:50.580Z", "user": 2, "content_type": 9, "object_id": "KGzcP-QXut", "object_repr": "KGzcP-QXut", "action_flag": 3, "change_message": ""}}, {"model": "admin.logentry", "pk": 232, "fields": {"action_time": "2024-07-31T05:06:50.580Z", "user": 2, "content_type": 9, "object_id": "KD3HotmzLW", "object_repr": "KD3HotmzLW", "action_flag": 3, "change_message": ""}}, {"model": "admin.logentry", "pk": 233, "fields": {"action_time": "2024-07-31T05:06:50.588Z", "user": 2, "content_type": 9, "object_id": "JsXmy3IX5x", "object_repr": "JsXmy3IX5x", "action_flag": 3, "change_message": ""}}, {"model": "admin.logentry", "pk": 234, "fields": {"action_time": "2024-07-31T05:06:50.591Z", "user": 2, "content_type": 9, "object_id": "JcayFkQiMA", "object_repr": "JcayFkQiMA", "action_flag": 3, "change_message": ""}}, {"model": "admin.logentry", "pk": 235, "fields": {"action_time": "2024-07-31T05:06:50.595Z", "user": 2, "content_type": 9, "object_id": "JV5h0Mb9lW", "object_repr": "JV5h0Mb9lW", "action_flag": 3, "change_message": ""}}, {"model": "admin.logentry", "pk": 236, "fields": {"action_time": "2024-07-31T05:06:50.599Z", "user": 2, "content_type": 9, "object_id": "Izn252CXQC", "object_repr": "Izn252CXQC", "action_flag": 3, "change_message": ""}}, {"model": "admin.logentry", "pk": 237, "fields": {"action_time": "2024-07-31T05:06:50.603Z", "user": 2, "content_type": 9, "object_id": "IWLkxTShQK", "object_repr": "IWLkxTShQK", "action_flag": 3, "change_message": ""}}, {"model": "admin.logentry", "pk": 238, "fields": {"action_time": "2024-07-31T05:06:50.606Z", "user": 2, "content_type": 9, "object_id": "ISuauvQ9WE", "object_repr": "ISuauvQ9WE", "action_flag": 3, "change_message": ""}}, {"model": "admin.logentry", "pk": 239, "fields": {"action_time": "2024-07-31T05:06:50.612Z", "user": 2, "content_type": 9, "object_id": "II3_4uDSCh", "object_repr": "II3_4uDSCh", "action_flag": 3, "change_message": ""}}, {"model": "admin.logentry", "pk": 240, "fields": {"action_time": "2024-07-31T05:06:50.616Z", "user": 2, "content_type": 9, "object_id": "IB7bV9GsNi", "object_repr": "IB7bV9GsNi", "action_flag": 3, "change_message": ""}}, {"model": "admin.logentry", "pk": 241, "fields": {"action_time": "2024-07-31T05:06:50.620Z", "user": 2, "content_type": 9, "object_id": "I0IUl73gJ7", "object_repr": "I0IUl73gJ7", "action_flag": 3, "change_message": ""}}, {"model": "admin.logentry", "pk": 242, "fields": {"action_time": "2024-07-31T05:06:50.626Z", "user": 2, "content_type": 9, "object_id": "I-ytg1EQ84", "object_repr": "I-ytg1EQ84", "action_flag": 3, "change_message": ""}}, {"model": "admin.logentry", "pk": 243, "fields": {"action_time": "2024-07-31T05:06:50.630Z", "user": 2, "content_type": 9, "object_id": "HXA_VF0mbR", "object_repr": "HXA_VF0mbR", "action_flag": 3, "change_message": ""}}, {"model": "admin.logentry", "pk": 244, "fields": {"action_time": "2024-07-31T05:06:50.634Z", "user": 2, "content_type": 9, "object_id": "Gr7R3QTA-9", "object_repr": "Gr7R3QTA-9", "action_flag": 3, "change_message": ""}}, {"model": "admin.logentry", "pk": 245, "fields": {"action_time": "2024-07-31T05:06:50.640Z", "user": 2, "content_type": 9, "object_id": "FgvJliYRsi", "object_repr": "FgvJliYRsi", "action_flag": 3, "change_message": ""}}, {"model": "admin.logentry", "pk": 246, "fields": {"action_time": "2024-07-31T05:06:50.643Z", "user": 2, "content_type": 9, "object_id": "FT2VTdaq0h", "object_repr": "FT2VTdaq0h", "action_flag": 3, "change_message": ""}}, {"model": "admin.logentry", "pk": 247, "fields": {"action_time": "2024-07-31T05:06:50.648Z", "user": 2, "content_type": 9, "object_id": "FMLUO3cRVx", "object_repr": "FMLUO3cRVx", "action_flag": 3, "change_message": ""}}, {"model": "admin.logentry", "pk": 248, "fields": {"action_time": "2024-07-31T05:06:50.653Z", "user": 2, "content_type": 9, "object_id": "FAjUMP4Cxx", "object_repr": "FAjUMP4Cxx", "action_flag": 3, "change_message": ""}}, {"model": "admin.logentry", "pk": 249, "fields": {"action_time": "2024-07-31T05:06:50.657Z", "user": 2, "content_type": 9, "object_id": "F0Fs5I_4A8", "object_repr": "F0Fs5I_4A8", "action_flag": 3, "change_message": ""}}, {"model": "admin.logentry", "pk": 250, "fields": {"action_time": "2024-07-31T05:06:50.661Z", "user": 2, "content_type": 9, "object_id": "El3AOljtPE", "object_repr": "El3AOljtPE", "action_flag": 3, "change_message": ""}}, {"model": "admin.logentry", "pk": 251, "fields": {"action_time": "2024-07-31T05:06:50.665Z", "user": 2, "content_type": 9, "object_id": "EUsaJEf7OY", "object_repr": "EUsaJEf7OY", "action_flag": 3, "change_message": ""}}, {"model": "admin.logentry", "pk": 252, "fields": {"action_time": "2024-07-31T05:06:50.668Z", "user": 2, "content_type": 9, "object_id": "EO9_y4M9Pd", "object_repr": "EO9_y4M9Pd", "action_flag": 3, "change_message": ""}}, {"model": "admin.logentry", "pk": 253, "fields": {"action_time": "2024-07-31T05:06:50.672Z", "user": 2, "content_type": 9, "object_id": "ECzm3qB2aM", "object_repr": "ECzm3qB2aM", "action_flag": 3, "change_message": ""}}, {"model": "admin.logentry", "pk": 254, "fields": {"action_time": "2024-07-31T05:06:50.677Z", "user": 2, "content_type": 9, "object_id": "E62lsBDODF", "object_repr": "E62lsBDODF", "action_flag": 3, "change_message": ""}}, {"model": "admin.logentry", "pk": 255, "fields": {"action_time": "2024-07-31T05:06:50.681Z", "user": 2, "content_type": 9, "object_id": "E5Snz5ZYfb", "object_repr": "E5Snz5ZYfb", "action_flag": 3, "change_message": ""}}, {"model": "admin.logentry", "pk": 256, "fields": {"action_time": "2024-07-31T05:06:50.685Z", "user": 2, "content_type": 9, "object_id": "DmYu2ZOtFZ", "object_repr": "DmYu2ZOtFZ", "action_flag": 3, "change_message": ""}}, {"model": "admin.logentry", "pk": 257, "fields": {"action_time": "2024-07-31T05:06:50.685Z", "user": 2, "content_type": 9, "object_id": "DaZkp7kypA", "object_repr": "DaZkp7kypA", "action_flag": 3, "change_message": ""}}, {"model": "admin.logentry", "pk": 258, "fields": {"action_time": "2024-07-31T05:06:50.691Z", "user": 2, "content_type": 9, "object_id": "DCr-Y6AZa7", "object_repr": "DCr-Y6AZa7", "action_flag": 3, "change_message": ""}}, {"model": "admin.logentry", "pk": 259, "fields": {"action_time": "2024-07-31T05:06:50.696Z", "user": 2, "content_type": 9, "object_id": "CPRkC4lKpI", "object_repr": "CPRkC4lKpI", "action_flag": 3, "change_message": ""}}, {"model": "admin.logentry", "pk": 260, "fields": {"action_time": "2024-07-31T05:06:50.700Z", "user": 2, "content_type": 9, "object_id": "Bu3I1RYfeF", "object_repr": "Bu3I1RYfeF", "action_flag": 3, "change_message": ""}}, {"model": "admin.logentry", "pk": 261, "fields": {"action_time": "2024-07-31T05:06:50.705Z", "user": 2, "content_type": 9, "object_id": "AwEOlaxQnt", "object_repr": "AwEOlaxQnt", "action_flag": 3, "change_message": ""}}, {"model": "admin.logentry", "pk": 262, "fields": {"action_time": "2024-07-31T05:06:50.708Z", "user": 2, "content_type": 9, "object_id": "Aj2f10mnQr", "object_repr": "Aj2f10mnQr", "action_flag": 3, "change_message": ""}}, {"model": "admin.logentry", "pk": 263, "fields": {"action_time": "2024-07-31T05:06:50.712Z", "user": 2, "content_type": 9, "object_id": "AhYOGJzCFw", "object_repr": "AhYOGJzCFw", "action_flag": 3, "change_message": ""}}, {"model": "admin.logentry", "pk": 264, "fields": {"action_time": "2024-07-31T05:06:50.715Z", "user": 2, "content_type": 9, "object_id": "AYrd1rrUuD", "object_repr": "AYrd1rrUuD", "action_flag": 3, "change_message": ""}}, {"model": "admin.logentry", "pk": 265, "fields": {"action_time": "2024-07-31T05:06:50.716Z", "user": 2, "content_type": 9, "object_id": "9fVP0cxUNe", "object_repr": "9fVP0cxUNe", "action_flag": 3, "change_message": ""}}, {"model": "admin.logentry", "pk": 266, "fields": {"action_time": "2024-07-31T05:06:50.716Z", "user": 2, "content_type": 9, "object_id": "9GAuyz-nyw", "object_repr": "9GAuyz-nyw", "action_flag": 3, "change_message": ""}}, {"model": "admin.logentry", "pk": 267, "fields": {"action_time": "2024-07-31T05:06:50.725Z", "user": 2, "content_type": 9, "object_id": "90Fo7Z8_vN", "object_repr": "90Fo7Z8_vN", "action_flag": 3, "change_message": ""}}, {"model": "admin.logentry", "pk": 268, "fields": {"action_time": "2024-07-31T05:06:50.728Z", "user": 2, "content_type": 9, "object_id": "8kEuHkqrgl", "object_repr": "8kEuHkqrgl", "action_flag": 3, "change_message": ""}}, {"model": "admin.logentry", "pk": 269, "fields": {"action_time": "2024-07-31T05:06:50.731Z", "user": 2, "content_type": 9, "object_id": "8eLxiyVlEw", "object_repr": "8eLxiyVlEw", "action_flag": 3, "change_message": ""}}, {"model": "admin.logentry", "pk": 270, "fields": {"action_time": "2024-07-31T05:06:50.735Z", "user": 2, "content_type": 9, "object_id": "8eAH1djsHQ", "object_repr": "8eAH1djsHQ", "action_flag": 3, "change_message": ""}}, {"model": "admin.logentry", "pk": 271, "fields": {"action_time": "2024-07-31T05:06:50.739Z", "user": 2, "content_type": 9, "object_id": "8dhJwti2Gk", "object_repr": "8dhJwti2Gk", "action_flag": 3, "change_message": ""}}, {"model": "admin.logentry", "pk": 272, "fields": {"action_time": "2024-07-31T05:06:50.743Z", "user": 2, "content_type": 9, "object_id": "8NoJmj5Uxz", "object_repr": "8NoJmj5Uxz", "action_flag": 3, "change_message": ""}}, {"model": "admin.logentry", "pk": 273, "fields": {"action_time": "2024-07-31T05:06:50.746Z", "user": 2, "content_type": 9, "object_id": "87lCd_-n_f", "object_repr": "87lCd_-n_f", "action_flag": 3, "change_message": ""}}, {"model": "admin.logentry", "pk": 274, "fields": {"action_time": "2024-07-31T05:06:50.748Z", "user": 2, "content_type": 9, "object_id": "7mQVcPa1s8", "object_repr": "7mQVcPa1s8", "action_flag": 3, "change_message": ""}}, {"model": "admin.logentry", "pk": 275, "fields": {"action_time": "2024-07-31T05:06:50.753Z", "user": 2, "content_type": 9, "object_id": "7fBkz6Ly89", "object_repr": "7fBkz6Ly89", "action_flag": 3, "change_message": ""}}, {"model": "admin.logentry", "pk": 276, "fields": {"action_time": "2024-07-31T05:06:50.756Z", "user": 2, "content_type": 9, "object_id": "7cWK7ijaFQ", "object_repr": "7cWK7ijaFQ", "action_flag": 3, "change_message": ""}}, {"model": "admin.logentry", "pk": 277, "fields": {"action_time": "2024-07-31T05:06:50.759Z", "user": 2, "content_type": 9, "object_id": "7Q1asmqebK", "object_repr": "7Q1asmqebK", "action_flag": 3, "change_message": ""}}, {"model": "admin.logentry", "pk": 278, "fields": {"action_time": "2024-07-31T05:06:50.764Z", "user": 2, "content_type": 9, "object_id": "75hS2rG7z-", "object_repr": "75hS2rG7z-", "action_flag": 3, "change_message": ""}}, {"model": "admin.logentry", "pk": 279, "fields": {"action_time": "2024-07-31T05:06:50.768Z", "user": 2, "content_type": 9, "object_id": "72dvOLdehY", "object_repr": "72dvOLdehY", "action_flag": 3, "change_message": ""}}, {"model": "admin.logentry", "pk": 280, "fields": {"action_time": "2024-07-31T05:06:50.772Z", "user": 2, "content_type": 9, "object_id": "6w9XWV6cey", "object_repr": "6w9XWV6cey", "action_flag": 3, "change_message": ""}}, {"model": "admin.logentry", "pk": 281, "fields": {"action_time": "2024-07-31T05:06:50.776Z", "user": 2, "content_type": 9, "object_id": "5oTAS54h2U", "object_repr": "5oTAS54h2U", "action_flag": 3, "change_message": ""}}, {"model": "admin.logentry", "pk": 282, "fields": {"action_time": "2024-07-31T05:06:50.780Z", "user": 2, "content_type": 9, "object_id": "5lTBJOsaRY", "object_repr": "5lTBJOsaRY", "action_flag": 3, "change_message": ""}}, {"model": "admin.logentry", "pk": 283, "fields": {"action_time": "2024-07-31T05:06:50.784Z", "user": 2, "content_type": 9, "object_id": "4uhuLAPn_B", "object_repr": "4uhuLAPn_B", "action_flag": 3, "change_message": ""}}, {"model": "admin.logentry", "pk": 284, "fields": {"action_time": "2024-07-31T05:06:50.786Z", "user": 2, "content_type": 9, "object_id": "4AjwWsU4Fd", "object_repr": "4AjwWsU4Fd", "action_flag": 3, "change_message": ""}}, {"model": "admin.logentry", "pk": 285, "fields": {"action_time": "2024-07-31T05:06:50.790Z", "user": 2, "content_type": 9, "object_id": "47dKeHFXu4", "object_repr": "47dKeHFXu4", "action_flag": 3, "change_message": ""}}, {"model": "admin.logentry", "pk": 286, "fields": {"action_time": "2024-07-31T05:06:50.794Z", "user": 2, "content_type": 9, "object_id": "3oyEeE5wP9", "object_repr": "3oyEeE5wP9", "action_flag": 3, "change_message": ""}}, {"model": "admin.logentry", "pk": 287, "fields": {"action_time": "2024-07-31T05:06:50.798Z", "user": 2, "content_type": 9, "object_id": "3jC5-qbhGS", "object_repr": "3jC5-qbhGS", "action_flag": 3, "change_message": ""}}, {"model": "admin.logentry", "pk": 288, "fields": {"action_time": "2024-07-31T05:06:50.800Z", "user": 2, "content_type": 9, "object_id": "3PTJ-bpGWN", "object_repr": "3PTJ-bpGWN", "action_flag": 3, "change_message": ""}}, {"model": "admin.logentry", "pk": 289, "fields": {"action_time": "2024-07-31T05:06:50.805Z", "user": 2, "content_type": 9, "object_id": "3IYqRA2Z5d", "object_repr": "3IYqRA2Z5d", "action_flag": 3, "change_message": ""}}, {"model": "admin.logentry", "pk": 290, "fields": {"action_time": "2024-07-31T05:06:50.808Z", "user": 2, "content_type": 9, "object_id": "2vy9jz-zsg", "object_repr": "2vy9jz-zsg", "action_flag": 3, "change_message": ""}}, {"model": "admin.logentry", "pk": 291, "fields": {"action_time": "2024-07-31T05:06:50.812Z", "user": 2, "content_type": 9, "object_id": "2oReGmlM3Q", "object_repr": "2oReGmlM3Q", "action_flag": 3, "change_message": ""}}, {"model": "admin.logentry", "pk": 292, "fields": {"action_time": "2024-07-31T05:06:50.814Z", "user": 2, "content_type": 9, "object_id": "2m91mKb2Uy", "object_repr": "2m91mKb2Uy", "action_flag": 3, "change_message": ""}}, {"model": "admin.logentry", "pk": 293, "fields": {"action_time": "2024-07-31T05:06:50.818Z", "user": 2, "content_type": 9, "object_id": "2dHVYXPHoE", "object_repr": "2dHVYXPHoE", "action_flag": 3, "change_message": ""}}, {"model": "admin.logentry", "pk": 294, "fields": {"action_time": "2024-07-31T05:06:50.822Z", "user": 2, "content_type": 9, "object_id": "2D2OfXm7FN", "object_repr": "2D2OfXm7FN", "action_flag": 3, "change_message": ""}}, {"model": "admin.logentry", "pk": 295, "fields": {"action_time": "2024-07-31T05:06:50.823Z", "user": 2, "content_type": 9, "object_id": "1s5zjTxTqD", "object_repr": "1s5zjTxTqD", "action_flag": 3, "change_message": ""}}, {"model": "admin.logentry", "pk": 296, "fields": {"action_time": "2024-07-31T05:06:50.823Z", "user": 2, "content_type": 9, "object_id": "1dJzl9WZmD", "object_repr": "1dJzl9WZmD", "action_flag": 3, "change_message": ""}}, {"model": "admin.logentry", "pk": 297, "fields": {"action_time": "2024-07-31T05:06:50.823Z", "user": 2, "content_type": 9, "object_id": "06ASXEMrLC", "object_repr": "06ASXEMrLC", "action_flag": 3, "change_message": ""}}, {"model": "admin.logentry", "pk": 298, "fields": {"action_time": "2024-07-31T05:06:50.836Z", "user": 2, "content_type": 9, "object_id": "-znFabooLB", "object_repr": "-znFabooLB", "action_flag": 3, "change_message": ""}}, {"model": "admin.logentry", "pk": 299, "fields": {"action_time": "2024-07-31T05:06:50.839Z", "user": 2, "content_type": 9, "object_id": "-n__SSE9Lp", "object_repr": "-n__SSE9Lp", "action_flag": 3, "change_message": ""}}, {"model": "admin.logentry", "pk": 300, "fields": {"action_time": "2024-07-31T05:06:50.843Z", "user": 2, "content_type": 9, "object_id": "-1joKWbiAV", "object_repr": "-1joKWbiAV", "action_flag": 3, "change_message": ""}}, {"model": "admin.logentry", "pk": 301, "fields": {"action_time": "2024-08-01T04:59:24.730Z", "user": 2, "content_type": 13, "object_id": "1", "object_repr": "ANKUR100", "action_flag": 1, "change_message": "[{\"added\": {}}]"}}, {"model": "admin.logentry", "pk": 302, "fields": {"action_time": "2024-08-01T07:57:29.997Z", "user": 2, "content_type": 13, "object_id": "1", "object_repr": "ANKUR100", "action_flag": 2, "change_message": "[]"}}, {"model": "admin.logentry", "pk": 303, "fields": {"action_time": "2024-08-01T07:57:42.931Z", "user": 2, "content_type": 13, "object_id": "1", "object_repr": "ANKUR30", "action_flag": 2, "change_message": "[{\"changed\": {\"fields\": [\"Code\", \"Discount\"]}}]"}}, {"model": "admin.logentry", "pk": 304, "fields": {"action_time": "2024-08-02T08:11:04.431Z", "user": 2, "content_type": 10, "object_id": "xVIUsaf6MY", "object_repr": "painting4", "action_flag": 3, "change_message": ""}}, {"model": "admin.logentry", "pk": 305, "fields": {"action_time": "2024-08-02T08:11:04.440Z", "user": 2, "content_type": 10, "object_id": "wHHN1K7Xs0", "object_repr": "painting8", "action_flag": 3, "change_message": ""}}, {"model": "admin.logentry", "pk": 306, "fields": {"action_time": "2024-08-02T08:11:04.442Z", "user": 2, "content_type": 10, "object_id": "qAPxWhkRvl", "object_repr": "painting3", "action_flag": 3, "change_message": ""}}, {"model": "admin.logentry", "pk": 307, "fields": {"action_time": "2024-08-02T08:11:04.445Z", "user": 2, "content_type": 10, "object_id": "n9C0wO6FXM", "object_repr": "07ankurtest", "action_flag": 3, "change_message": ""}}, {"model": "admin.logentry", "pk": 308, "fields": {"action_time": "2024-08-02T08:11:04.445Z", "user": 2, "content_type": 10, "object_id": "XQ1g8pM6hh", "object_repr": "painting10", "action_flag": 3, "change_message": ""}}, {"model": "admin.logentry", "pk": 309, "fields": {"action_time": "2024-08-02T08:11:04.450Z", "user": 2, "content_type": 10, "object_id": "WdYG6kmTRd", "object_repr": "painting6", "action_flag": 3, "change_message": ""}}, {"model": "admin.logentry", "pk": 310, "fields": {"action_time": "2024-08-02T08:11:04.451Z", "user": 2, "content_type": 10, "object_id": "SXJI58kIxJ", "object_repr": "AI Model Web Design", "action_flag": 3, "change_message": ""}}, {"model": "admin.logentry", "pk": 311, "fields": {"action_time": "2024-08-02T08:11:04.455Z", "user": 2, "content_type": 10, "object_id": "GTjqRXJFmI", "object_repr": "painting11", "action_flag": 3, "change_message": ""}}, {"model": "admin.logentry", "pk": 312, "fields": {"action_time": "2024-08-02T08:11:04.455Z", "user": 2, "content_type": 10, "object_id": "9Aw9aIioOa", "object_repr": "painting1", "action_flag": 3, "change_message": ""}}, {"model": "admin.logentry", "pk": 313, "fields": {"action_time": "2024-08-02T08:11:04.460Z", "user": 2, "content_type": 10, "object_id": "7wQgizqNG0", "object_repr": "painting12", "action_flag": 3, "change_message": ""}}, {"model": "admin.logentry", "pk": 314, "fields": {"action_time": "2024-08-02T08:11:04.460Z", "user": 2, "content_type": 10, "object_id": "5dmy7JplLl", "object_repr": "painting7", "action_flag": 3, "change_message": ""}}, {"model": "admin.logentry", "pk": 315, "fields": {"action_time": "2024-08-02T08:11:04.466Z", "user": 2, "content_type": 10, "object_id": "0sZm80Hcpi", "object_repr": "test painting", "action_flag": 3, "change_message": ""}}, {"model": "admin.logentry", "pk": 316, "fields": {"action_time": "2024-08-02T08:11:20.469Z", "user": 2, "content_type": 9, "object_id": "ss52ECUnbI", "object_repr": "ss52ECUnbI", "action_flag": 3, "change_message": ""}}, {"model": "admin.logentry", "pk": 317, "fields": {"action_time": "2024-08-02T08:11:20.478Z", "user": 2, "content_type": 9, "object_id": "cVi1WMRd4A", "object_repr": "cVi1WMRd4A", "action_flag": 3, "change_message": ""}}, {"model": "admin.logentry", "pk": 318, "fields": {"action_time": "2024-08-02T08:11:20.481Z", "user": 2, "content_type": 9, "object_id": "LZ7jjepUS3", "object_repr": "LZ7jjepUS3", "action_flag": 3, "change_message": ""}}, {"model": "admin.logentry", "pk": 319, "fields": {"action_time": "2024-08-02T08:11:20.483Z", "user": 2, "content_type": 9, "object_id": "Gy89m0JXCs", "object_repr": "Gy89m0JXCs", "action_flag": 3, "change_message": ""}}, {"model": "admin.logentry", "pk": 320, "fields": {"action_time": "2024-08-02T08:11:20.487Z", "user": 2, "content_type": 9, "object_id": "DnsdC0wgDW", "object_repr": "DnsdC0wgDW", "action_flag": 3, "change_message": ""}}, {"model": "auth.permission", "pk": 1, "fields": {"name": "Can add log entry", "content_type": 1, "codename": "add_logentry"}}, {"model": "auth.permission", "pk": 2, "fields": {"name": "Can change log entry", "content_type": 1, "codename": "change_logentry"}}, {"model": "auth.permission", "pk": 3, "fields": {"name": "Can delete log entry", "content_type": 1, "codename": "delete_logentry"}}, {"model": "auth.permission", "pk": 4, "fields": {"name": "Can view log entry", "content_type": 1, "codename": "view_logentry"}}, {"model": "auth.permission", "pk": 5, "fields": {"name": "Can add permission", "content_type": 2, "codename": "add_permission"}}, {"model": "auth.permission", "pk": 6, "fields": {"name": "Can change permission", "content_type": 2, "codename": "change_permission"}}, {"model": "auth.permission", "pk": 7, "fields": {"name": "Can delete permission", "content_type": 2, "codename": "delete_permission"}}, {"model": "auth.permission", "pk": 8, "fields": {"name": "Can view permission", "content_type": 2, "codename": "view_permission"}}, {"model": "auth.permission", "pk": 9, "fields": {"name": "Can add group", "content_type": 3, "codename": "add_group"}}, {"model": "auth.permission", "pk": 10, "fields": {"name": "Can change group", "content_type": 3, "codename": "change_group"}}, {"model": "auth.permission", "pk": 11, "fields": {"name": "Can delete group", "content_type": 3, "codename": "delete_group"}}, {"model": "auth.permission", "pk": 12, "fields": {"name": "Can view group", "content_type": 3, "codename": "view_group"}}, {"model": "auth.permission", "pk": 13, "fields": {"name": "Can add content type", "content_type": 4, "codename": "add_contenttype"}}, {"model": "auth.permission", "pk": 14, "fields": {"name": "Can change content type", "content_type": 4, "codename": "change_contenttype"}}, {"model": "auth.permission", "pk": 15, "fields": {"name": "Can delete content type", "content_type": 4, "codename": "delete_contenttype"}}, {"model": "auth.permission", "pk": 16, "fields": {"name": "Can view content type", "content_type": 4, "codename": "view_contenttype"}}, {"model": "auth.permission", "pk": 17, "fields": {"name": "Can add session", "content_type": 5, "codename": "add_session"}}, {"model": "auth.permission", "pk": 18, "fields": {"name": "Can change session", "content_type": 5, "codename": "change_session"}}, {"model": "auth.permission", "pk": 19, "fields": {"name": "Can delete session", "content_type": 5, "codename": "delete_session"}}, {"model": "auth.permission", "pk": 20, "fields": {"name": "Can view session", "content_type": 5, "codename": "view_session"}}, {"model": "auth.permission", "pk": 21, "fields": {"name": "Can add user", "content_type": 6, "codename": "add_user"}}, {"model": "auth.permission", "pk": 22, "fields": {"name": "Can change user", "content_type": 6, "codename": "change_user"}}, {"model": "auth.permission", "pk": 23, "fields": {"name": "Can delete user", "content_type": 6, "codename": "delete_user"}}, {"model": "auth.permission", "pk": 24, "fields": {"name": "Can view user", "content_type": 6, "codename": "view_user"}}, {"model": "auth.permission", "pk": 25, "fields": {"name": "Can add customer", "content_type": 7, "codename": "add_customer"}}, {"model": "auth.permission", "pk": 26, "fields": {"name": "Can change customer", "content_type": 7, "codename": "change_customer"}}, {"model": "auth.permission", "pk": 27, "fields": {"name": "Can delete customer", "content_type": 7, "codename": "delete_customer"}}, {"model": "auth.permission", "pk": 28, "fields": {"name": "Can view customer", "content_type": 7, "codename": "view_customer"}}, {"model": "auth.permission", "pk": 29, "fields": {"name": "Can add seller", "content_type": 8, "codename": "add_seller"}}, {"model": "auth.permission", "pk": 30, "fields": {"name": "Can change seller", "content_type": 8, "codename": "change_seller"}}, {"model": "auth.permission", "pk": 31, "fields": {"name": "Can delete seller", "content_type": 8, "codename": "delete_seller"}}, {"model": "auth.permission", "pk": 32, "fields": {"name": "Can view seller", "content_type": 8, "codename": "view_seller"}}, {"model": "auth.permission", "pk": 33, "fields": {"name": "Can add order", "content_type": 9, "codename": "add_order"}}, {"model": "auth.permission", "pk": 34, "fields": {"name": "Can change order", "content_type": 9, "codename": "change_order"}}, {"model": "auth.permission", "pk": 35, "fields": {"name": "Can delete order", "content_type": 9, "codename": "delete_order"}}, {"model": "auth.permission", "pk": 36, "fields": {"name": "Can view order", "content_type": 9, "codename": "view_order"}}, {"model": "auth.permission", "pk": 37, "fields": {"name": "Can add product", "content_type": 10, "codename": "add_product"}}, {"model": "auth.permission", "pk": 38, "fields": {"name": "Can change product", "content_type": 10, "codename": "change_product"}}, {"model": "auth.permission", "pk": 39, "fields": {"name": "Can delete product", "content_type": 10, "codename": "delete_product"}}, {"model": "auth.permission", "pk": 40, "fields": {"name": "Can view product", "content_type": 10, "codename": "view_product"}}, {"model": "auth.permission", "pk": 41, "fields": {"name": "Can add order item", "content_type": 11, "codename": "add_orderitem"}}, {"model": "auth.permission", "pk": 42, "fields": {"name": "Can change order item", "content_type": 11, "codename": "change_orderitem"}}, {"model": "auth.permission", "pk": 43, "fields": {"name": "Can delete order item", "content_type": 11, "codename": "delete_orderitem"}}, {"model": "auth.permission", "pk": 44, "fields": {"name": "Can view order item", "content_type": 11, "codename": "view_orderitem"}}, {"model": "auth.permission", "pk": 45, "fields": {"name": "Can add shipping info", "content_type": 12, "codename": "add_shippinginfo"}}, {"model": "auth.permission", "pk": 46, "fields": {"name": "Can change shipping info", "content_type": 12, "codename": "change_shippinginfo"}}, {"model": "auth.permission", "pk": 47, "fields": {"name": "Can delete shipping info", "content_type": 12, "codename": "delete_shippinginfo"}}, {"model": "auth.permission", "pk": 48, "fields": {"name": "Can view shipping info", "content_type": 12, "codename": "view_shippinginfo"}}, {"model": "auth.permission", "pk": 49, "fields": {"name": "Can add coupon info", "content_type": 13, "codename": "add_couponinfo"}}, {"model": "auth.permission", "pk": 50, "fields": {"name": "Can change coupon info", "content_type": 13, "codename": "change_couponinfo"}}, {"model": "auth.permission", "pk": 51, "fields": {"name": "Can delete coupon info", "content_type": 13, "codename": "delete_couponinfo"}}, {"model": "auth.permission", "pk": 52, "fields": {"name": "Can view coupon info", "content_type": 13, "codename": "view_couponinfo"}}, {"model": "auth.permission", "pk": 53, "fields": {"name": "Can add product review", "content_type": 14, "codename": "add_productreview"}}, {"model": "auth.permission", "pk": 54, "fields": {"name": "Can change product review", "content_type": 14, "codename": "change_productreview"}}, {"model": "auth.permission", "pk": 55, "fields": {"name": "Can delete product review", "content_type": 14, "codename": "delete_productreview"}}, {"model": "auth.permission", "pk": 56, "fields": {"name": "Can view product review", "content_type": 14, "codename": "view_productreview"}}, {"model": "contenttypes.contenttype", "pk": 1, "fields": {"app_label": "admin", "model": "logentry"}}, {"model": "contenttypes.contenttype", "pk": 2, "fields": {"app_label": "auth", "model": "permission"}}, {"model": "contenttypes.contenttype", "pk": 3, "fields": {"app_label": "auth", "model": "group"}}, {"model": "contenttypes.contenttype", "pk": 4, "fields": {"app_label": "contenttypes", "model": "contenttype"}}, {"model": "contenttypes.contenttype", "pk": 5, "fields": {"app_label": "sessions", "model": "session"}}, {"model": "contenttypes.contenttype", "pk": 6, "fields": {"app_label": "Account", "model": "user"}}, {"model": "contenttypes.contenttype", "pk": 7, "fields": {"app_label": "Account", "model": "customer"}}, {"model": "contenttypes.contenttype", "pk": 8, "fields": {"app_label": "Account", "model": "seller"}}, {"model": "contenttypes.contenttype", "pk": 9, "fields": {"app_label": "Seller", "model": "order"}}, {"model": "contenttypes.contenttype", "pk": 10, "fields": {"app_label": "Seller", "model": "product"}}, {"model": "contenttypes.contenttype", "pk": 11, "fields": {"app_label": "Seller", "model": "orderitem"}}, {"model": "contenttypes.contenttype", "pk": 12, "fields": {"app_label": "Customer", "model": "shippinginfo"}}, {"model": "contenttypes.contenttype", "pk": 13, "fields": {"app_label": "Customer", "model": "couponinfo"}}, {"model": "contenttypes.contenttype", "pk": 14, "fields": {"app_label": "Customer", "model": "productreview"}}, {"model": "sessions.session", "pk": "03762k949444kv97z4xklki1z5xkw2se", "fields": {"session_data": ".eJxVjbsOgjAYhd-lMyGl0JYyqajRRQcfoPl7AYwCsbSJCeHdLYmDjuc7txlJCL6TYbJO3g2qEEfJL1OgH3ZYja3WYxh8-iVTeujh_tx9_b9SB1MXG4wSkWmTNbwpQTFlGqVLTnIhGKNY25wRajFReS6gELRRkTKFIcOlIczQOFqHyY-9dev_8AiuBddijotNu56neuxjSIPzqJrRWV5u5n3l3R5VWYL48US9rF9URLksH6x_Sk0:1sabBp:iw391RvW_NJ4fc5SINeNJ8wThGmj0VnxOk6-AYqK5dg", "expire_date": "2024-08-18T13:22:25.405Z"}}, {"model": "sessions.session", "pk": "89cju30tbo2vtwcts49qiy48ff7pqcdp", "fields": {"session_data": ".eJxVy00KAjEMQOG7dC1DMvbHuFPwHCWmCR3UEex0Jd5dhVno9n28p8vcl5p700eeitu7ndv8tjPLRecvHETufV6GtbThdOPpelz9b6rc6udQsoCGxCHpCARxNIFQLEQPKKSChGZbAiRKGM3EG3FRjyQWObnXG-0NM0Y:1sVAeh:-uzfnoewG3Svp00cc01VXwMpqVNWfSuo5Sc5BfCFYgI", "expire_date": "2024-08-03T14:01:47.059Z"}}, {"model": "sessions.session", "pk": "8lb23jhhhdfqdx7rc0cvthud54ywff20", "fields": {"session_data": "e30:1sVViB:R1sYajZ1Aph0YTsHL5JaYJ3tHtkHVOSAgHtBUz7LNJE", "expire_date": "2024-08-04T12:30:47.564Z"}}, {"model": "sessions.session", "pk": "btevyjjg6y9mllef9ci4dwgl3cztog2q", "fields": {"session_data": ".eJxVjcsOgyAURP-FdWMQBMRVH-l3mMsF1Fg14bEy_nsxcdFuz8yZ2UkPOY19ji70kyUdUeT2ywzg7NYzeCBueU3VRWL1XmD6PK_8TxohjsWQgukabe2Vb8FIY73BVjGutZSCouOSCUeZ4VxDo4U3hUpDoaatZdKKMvrKMW2LC-f_OucwQBioos19OM8r3JZSQgiJdPtxfAG2k0J9:1sYDOH:Ni9vRT9J9OZfw3_eRMYjuiACr4XrJYE3-f0sEYlVmiM", "expire_date": "2024-08-11T23:33:25.624Z"}}, {"model": "sessions.session", "pk": "cnnpyjlplhydmfdto7r3210myr1bqi0z", "fields": {"session_data": ".eJxVjcsOgjAURP-la9PQB9LrSkz8jqa9vbXEAgmFlfHfLZGF7k5mMmdezLptTXYrtNghsAsTmp1-Q-_wSdPe9IjzNq38SAq_j27It6P_GyVXUl0YFUFiKxsUvvNdRDqDRgkqKANARhNRBN8hhDa4xiChj62QKhghKldpoZxpqa4vNOL62F85ziN7fwDhtj52:1sX25G:7xEJnOdjVzhcwc77VaPiNV3ox-oEHYO21ZUoKFNvefI", "expire_date": "2024-08-08T17:16:54.079Z"}}, {"model": "sessions.session", "pk": "crzafiv3ie33d3rmvodq85t7n1w8u31h", "fields": {"session_data": ".eJxVjUEOwiAURO_C2pACRfiurInnaODzkUbaJqVdGe8ujV3o7mUm8-bFeretqd8KLf0Q2IUJzU6_oXf4pGlvOsR5m1Z-JIXfRzfk29H_jZIrqS6siiBRywaFN95EpDO0KEEFZQHItkQUwRuEoINrLBL6qIVUwQpRuUoL5UxLdX2hkdfH_spxHtn7A-JuPng:1sZtXX:fEU9cS8SJ62omPsWIVKarzaDk3vLp78Hmgmly-K43b4", "expire_date": "2024-08-16T14:45:55.719Z"}}, {"model": "sessions.session", "pk": "ey792d7ketz8ibq6e3noo2qsrcowwmyq", "fields": {"session_data": "e30:1sVwmi:Uhq9rYlvTFqTn9WBWOg-Kmg9t6VLhGz8m0ewQ8uTnx0", "expire_date": "2024-08-05T17:25:16.156Z"}}, {"model": "sessions.session", "pk": "j56y5y3h0qi0paszdwy6dp60e3fg90kl", "fields": {"session_data": "e30:1sVwZZ:mLWNaLijWehQkQ6eUMnEYSOJTLoUdxgpdC7fKa7oH24", "expire_date": "2024-08-05T17:11:41.981Z"}}, {"model": "sessions.session", "pk": "kdsqxauu9t3ftxkxkxjkjnmbz7ay3m5z", "fields": {"session_data": ".eJxVjcsOgyAURP-FdWMQBMRVH-l3mMsF1Fg14bEy_nsxcdFuz8yZ2UkPOY19ji70kyUdUeT2ywzg7NYzeCBueU3VRWL1XmD6PK_8TxohjsWQgukabe2Vb8FIY73BVjGutZSCouOSCUeZ4VxDo4U3hUpDoaatZdKKMvrKMW2LC-f_OucwQBioos19OM8r3JZSQgiJdPtxfAG2k0J9:1saCEB:eni4aZusX-palz5wKWdZXD9fKJW_kzAttJezFo54TY4", "expire_date": "2024-08-17T10:43:11.849Z"}}, {"model": "sessions.session", "pk": "luy6ddt2aezc0i9d95ppduk5kqoywn0t", "fields": {"session_data": "e30:1sV7IP:02s4k4DjrQBSUwdxfi4biVitke30afX5oy1dxvDsa6I", "expire_date": "2024-08-03T10:26:33.341Z"}}, {"model": "sessions.session", "pk": "muu96endjrv5x821sjmqc9ythmj10nve", "fields": {"session_data": "e30:1sV7EK:bbXxQe2U-j4sM1vE3_qWFgXfeC6tAOgh6-4bFIePmPg", "expire_date": "2024-08-03T10:22:20.941Z"}}, {"model": "sessions.session", "pk": "pwm4c6ugipd98owpoyo5mmupryhsg8ik", "fields": {"session_data": ".eJxVjEsOAiEQBe_C2hAE5OPSvWcgTXcjowaSYWZlvLtOMgvdvqp6L5FgXWpaB89pInEWWhx-twz44LYBukO7dYm9LfOU5abInQ557cTPy-7-HVQY9VtH1J60U4UUIGeDoItRThnKzGTNKQRGB9YGsvpoPEVLEb1DZQOW4MX7A_ubODg:1sVQbp:nDDJuSiL6_A6gb8u00T9gbE20axNzWBphdjpI3y0fnI", "expire_date": "2024-08-04T07:03:53.399Z"}}, {"model": "sessions.session", "pk": "swp8b0f4efb7ea1l2sl7nvndgwkz7eer", "fields": {"session_data": "e30:1sV6IL:9ZwIrQTPkAyjCbJh4ia7z0aBPaxbKokSURx_SYVbJAM", "expire_date": "2024-08-03T09:22:25.945Z"}}, {"model": "sessions.session", "pk": "ttirvaznj4so7b1orv8nx23ryhy7fk28", "fields": {"session_data": ".eJxVjcsOgyAURP-FdWMQBMRVH-l3mMsF1Fg14bEy_nsxcdFuz8yZ2UkPOY19ji70kyUdUeT2ywzg7NYzeCBueU3VRWL1XmD6PK_8TxohjsWQgukabe2Vb8FIY73BVjGutZSCouOSCUeZ4VxDo4U3hUpDoaatZdKKMvrKMW2LC-f_OucwQBioos19OM8r3JZSQgiJdPtxfAG2k0J9:1sWFhn:kajfZlXRQ3uQypYee_JsJvdpKXWzsv8EYO-6gmXFJrY", "expire_date": "2024-08-06T13:37:27.667Z"}}, {"model": "sessions.session", "pk": "v6knmwkkqrt912xw7wvx0qlohdmptlqp", "fields": {"session_data": "e30:1sV5Uv:gaB7zDbRsKzgOBqSK3iOzTGUJtlVO58L6gnad4OCLSo", "expire_date": "2024-08-03T08:31:21.640Z"}}, {"model": "Account.user", "pk": 2, "fields": {"password": "pbkdf2_sha256$720000$kaX3GU9VNbiCixQmBtVMH6$/rAOnE6uLG/bGBvb5YewnTTnlPBtWazLqGqm0WpO3Tc=", "last_login": "2024-08-03T11:28:16.322Z", "is_superuser": true, "email": "ankurgarg89p@gmail.com", "is_customer": false, "is_seller": false, "is_staff": true, "is_active": true, "groups": [], "user_permissions": []}}, {"model": "Account.user", "pk": 7, "fields": {"password": "pbkdf2_sha256$720000$ALIVUrFI3bVFk19lVW78vQ$PAsUjNnNuqGKdw8bsclbidxezcgGMZ/mpHNKBB+cvdk=", "last_login": "2024-08-04T12:56:30.735Z", "is_superuser": false, "email": "Ankurgarg0704@gmail.com", "is_customer": true, "is_seller": false, "is_staff": false, "is_active": true, "groups": [], "user_permissions": []}}, {"model": "Account.user", "pk": 8, "fields": {"password": "pbkdf2_sha256$720000$mQIovDEn5j9q4S3vYasUFj$RnnUlStgNYpiOuGXGnIgZDbrJ8tvtS1lzi8CYeGyOjQ=", "last_login": "2024-08-03T11:26:47.044Z", "is_superuser": false, "email": "ankursignup@test.com", "is_customer": false, "is_seller": true, "is_staff": false, "is_active": true, "groups": [], "user_permissions": []}}, {"model": "Account.user", "pk": 14, "fields": {"password": "pbkdf2_sha256$720000$lDlebRB167I5qfvpzNo4Cr$EHusgtN6zaG3oLUYv8JeXx/4cnvs9JN76djNnisi9nQ=", "last_login": "2024-08-02T14:36:45.894Z", "is_superuser": false, "email": "seller01@gmail.com", "is_customer": false, "is_seller": true, "is_staff": false, "is_active": true, "groups": [], "user_permissions": []}}, {"model": "Account.user", "pk": 15, "fields": {"password": "pbkdf2_sha256$720000$lDlebRB167I5qfvpzNo4Cr$EHusgtN6zaG3oLUYv8JeXx/4cnvs9JN76djNnisi9nQ=", "last_login": "2024-08-02T14:45:55.709Z", "is_superuser": false, "email": "seller02@gmail.com", "is_customer": false, "is_seller": true, "is_staff": false, "is_active": true, "groups": [], "user_permissions": []}}, {"model": "Account.user", "pk": 16, "fields": {"password": "pbkdf2_sha256$720000$lDlebRB167I5qfvpzNo4Cr$EHusgtN6zaG3oLUYv8JeXx/4cnvs9JN76djNnisi9nQ=", "last_login": "2024-07-21T13:21:58Z", "is_superuser": false, "email": "seller03@gmail.com", "is_customer": false, "is_seller": true, "is_staff": false, "is_active": true, "groups": [], "user_permissions": []}}, {"model": "Account.user", "pk": 17, "fields": {"password": "pbkdf2_sha256$720000$IfCh5ghU4IC1U46PXHKoIt$hCGZsmdaKP6s8v/oYPDGJ0SutvGgptGqqe3Q7jmBMX0=", "last_login": "2024-07-29T11:14:33.918Z", "is_superuser": false, "email": "ankurtest@test.com", "is_customer": false, "is_seller": true, "is_staff": false, "is_active": true, "groups": [], "user_permissions": []}}, {"model": "Account.user", "pk": 18, "fields": {"password": "pbkdf2_sha256$720000$lDlebRB167I5qfvpzNo4Cr$EHusgtN6zaG3oLUYv8JeXx/4cnvs9JN76djNnisi9nQ=", "last_login": "2024-07-25T17:13:05.553Z", "is_superuser": false, "email": "seller001@gmail.com", "is_customer": false, "is_seller": true, "is_staff": false, "is_active": true, "groups": [], "user_permissions": []}}, {"model": "Account.user", "pk": 19, "fields": {"password": "pbkdf2_sha256$720000$7CJ8NxCczXF39XZVvQF3Q5$TGLMXui/ohqxo6g5Z/cVo443FG/wh2CWFXredHbmbe8=", "last_login": "2024-08-02T13:59:31.815Z", "is_superuser": false, "email": "divanshusoni1412033@gmail.com", "is_customer": true, "is_seller": false, "is_staff": false, "is_active": true, "groups": [], "user_permissions": []}}, {"model": "Account.user", "pk": 20, "fields": {"password": "pbkdf2_sha256$720000$acHgTokeh7wAAPRw7sQk86$BjI5RATcq6UzrsRofd3+PuW1xp1jK2heNGkkeZp+52A=", "last_login": "2024-08-02T14:44:56.060Z", "is_superuser": false, "email": "dragodiv18@gmail.com", "is_customer": true, "is_seller": false, "is_staff": false, "is_active": true, "groups": [], "user_permissions": []}}, {"model": "Account.customer", "pk": 7, "fields": {"phone_number": "1234567890", "full_name": "Ankur garg"}}, {"model": "Account.customer", "pk": 19, "fields": {"phone_number": "9718718138", "full_name": "Divanshu Soni"}}, {"model": "Account.customer", "pk": 20, "fields": {"phone_number": "6291163081", "full_name": "Rajdwip Paul"}}, {"model": "Account.seller", "pk": 8, "fields": {"phone_number": "8171892289", "full_name": "Ankur garg"}}, {"model": "Account.seller", "pk": 14, "fields": {"phone_number": "1234567890", "full_name": "seller1"}}, {"model": "Account.seller", "pk": 15, "fields": {"phone_number": "1234567890", "full_name": "seller2"}}, {"model": "Account.seller", "pk": 16, "fields": {"phone_number": "1234567890", "full_name": "seller3"}}, {"model": "Account.seller", "pk": 17, "fields": {"phone_number": "12345678", "full_name": "divanshu soni"}}, {"model": "Account.seller", "pk": 18, "fields": {"phone_number": "12345678", "full_name": "seller1"}}, {"model": "Seller.product", "pk": "3fXbPOAEIb", "fields": {"seller": 15, "name": "The Last Supper", "price": "2199.00", "description": "This iconic fresco portrays Jesus final meal with his disciples, capturing the moment of revelation of betrayal. Da Vincis use of perspective and composition creates a dramatic and influential religious scene.", "image": "product_images/sports-car-abstract-digital-art-4k-wallpaper-uhdpaper.com-6961k.jpg", "category": "oil", "size": "4x8", "created_at": "2024-08-02T13:23:05.634Z", "updated_at": "2024-08-02T14:45:24.008Z", "rating": "2.0"}}, {"model": "Seller.product", "pk": "4SbJLlyy2a", "fields": {"seller": 14, "name": "The Scream", "price": "86909.00", "description": "This expressionist masterpiece portrays a figure on a bridge screaming in agony against a tumultuous sky. Munch's use of bold colors and distorted forms evokes deep psychological anguish.", "image": "product_images/free-photo-of-selective-focus-of-painting-on-wall-in-church.jpeg", "category": "spray", "size": "24x30", "created_at": "2024-08-02T12:07:41.192Z", "updated_at": "2024-08-03T11:00:29.389Z", "rating": "3.7"}}, {"model": "Seller.product", "pk": "4nhMZhk7J8", "fields": {"seller": 8, "name": "The Birth of Venus", "price": "14599.00", "description": "This iconic work depicts Venus emerging from the sea on a shell, surrounded by mythological figures. Botticellis use of classical themes and graceful lines highlights the Renaissances reverence for classical antiquity.", "image": "product_images/free-photo-of-interior-of-a-rustic-living-room.jpeg", "category": "pastel", "size": "16x20", "created_at": "2024-08-02T13:03:15.072Z", "updated_at": "2024-08-02T13:03:15.072Z", "rating": "1.0"}}, {"model": "Seller.product", "pk": "4pRKlr8JYL", "fields": {"seller": 15, "name": "Night Hawks", "price": "7999.00", "description": "This painting depicts a late-night diner scene with isolated figures, conveying themes of loneliness and urban alienation through Hoppers characteristic use of light and shadow.", "image": "product_images/free-photo-of-chongqing-hongyadong-complex-in-china.jpeg", "category": "spray", "size": "16x20", "created_at": "2024-08-02T14:12:26.378Z", "updated_at": "2024-08-02T14:45:38.655Z", "rating": "2.0"}}, {"model": "Seller.product", "pk": "7FH5t_Cq59", "fields": {"seller": 14, "name": "The Persistence of Memory", "price": "8722.00", "description": "Known for its melting clocks draped over surreal landscapes, this iconic piece explores themes of time and reality, blending dream-like imagery with precise detail.", "image": "product_images/pexels-photo-5808388.jpeg", "category": "pastel", "size": "4x8", "created_at": "2024-08-02T12:05:11.341Z", "updated_at": "2024-08-02T14:06:46.528Z", "rating": "4.0"}}, {"model": "Seller.product", "pk": "8IAZRif24m", "fields": {"seller": 15, "name": "Les Demoiselles d'Avignon", "price": "54999.00", "description": "A groundbreaking work in Cubism, this painting depicts five nude women with fragmented forms and aggressive lines, challenging traditional representations of the female form and space.", "image": "product_images/pexels-photo-5959352.jpeg", "category": "water", "size": "24x30", "created_at": "2024-08-02T13:16:48.884Z", "updated_at": "2024-08-02T13:16:48.884Z", "rating": "1.0"}}, {"model": "Seller.product", "pk": "D7fuovZZVg", "fields": {"seller": 8, "name": "Guernica", "price": "4699.00", "description": "A powerful anti-war mural, Picassos \"Guernica\" captures the horrors of conflict through a monochromatic, fragmented composition. The paintings scale and dramatic imagery convey a poignant message about the impact of war.", "image": "product_images/pexels-photo-3519103.jpeg", "category": "other", "size": "4x8", "created_at": "2024-08-02T13:04:32.382Z", "updated_at": "2024-08-02T14:07:11.796Z", "rating": "2.0"}}, {"model": "Seller.product", "pk": "I_NSdxO7hD", "fields": {"seller": 14, "name": "Girl with a Pearl Earring", "price": "23499.00", "description": "Often called the \"Mona Lisa of the North,\" this portrait captures a young girl with an enigmatic expression and an exquisite pearl earring. Vermeer's masterful use of light and color creates a captivating effect.", "image": "product_images/free-photo-of-girl-with-a-pearl-earring-mural-on-wall-in-city.jpeg", "category": "water", "size": "16x20", "created_at": "2024-08-02T12:06:18.120Z", "updated_at": "2024-08-02T15:49:18.395Z", "rating": "4.0"}}, {"model": "Seller.product", "pk": "ShxfoR5EiG", "fields": {"seller": 15, "name": "Composition VIII", "price": "19000.00", "description": "An abstract work featuring bold shapes, vibrant colors, and dynamic forms. Kandinskys composition is a seminal example of abstract art, aiming to evoke emotion and visual harmony through non-representational elements.", "image": "product_images/pexels-photo-6858597.webp", "category": "pastel", "size": "24x30", "created_at": "2024-08-02T14:13:43.132Z", "updated_at": "2024-08-02T14:13:43.132Z", "rating": "1.0"}}, {"model": "Seller.product", "pk": "agt4jT33Mw", "fields": {"seller": 14, "name": "Starry Night", "price": "2499.00", "description": "A mesmerizing depiction of a swirling night sky over a quiet village, showcasing Van Gogh's emotional turbulence and distinctive brushwork. The painting is renowned for its vibrant colors and dramatic movement.", "image": "product_images/pexels-photo-2085998.jpeg", "category": "acrylic", "size": "8x10", "created_at": "2024-08-02T12:04:14.545Z", "updated_at": "2024-08-02T14:06:20.058Z", "rating": "3.0"}}, {"model": "Seller.product", "pk": "dT0Z9SayEl", "fields": {"seller": 14, "name": "Mona Lisa", "price": "1300.00", "description": "Arguably the most famous painting in the world, this Renaissance portrait is celebrated for its subjects mysterious smile and da Vinci's intricate use of sfumato to achieve lifelike realism.", "image": "product_images/pexels-photo-4113084.jpeg", "category": "oil", "size": "4x8", "created_at": "2024-08-02T12:08:27.023Z", "updated_at": "2024-08-02T12:08:27.024Z", "rating": "1.0"}}, {"model": "Seller.product", "pk": "m811sfKt_K", "fields": {"seller": 8, "name": "American Gothic", "price": "12499.00", "description": "Featuring a farmer and his daughter with stern expressions, this painting is a quintessential example of American regionalism. Its detailed depiction of rural life and Gothic architecture evokes a sense of austerity.", "image": "product_images/pexels-photo-7951599.jpeg", "category": "spray", "size": "16x20", "created_at": "2024-08-02T13:15:26.485Z", "updated_at": "2024-08-02T14:45:45.405Z", "rating": "4.0"}}, {"model": "Seller.product", "pk": "uY5pEVMMEF", "fields": {"seller": 15, "name": "Water Lilies", "price": "6599.00", "description": "Monets series captures the serene beauty of his garden pond with a focus on reflections and light. The impressionistic brushwork and use of color evoke a sense of tranquility and natural splendor.", "image": "product_images/sunset-beach-waves-scenery-digital-art-4k-wallpaper-uhdpaper.com-2410k.jpg", "category": "water", "size": "4x8", "created_at": "2024-08-02T13:21:50.996Z", "updated_at": "2024-08-02T14:45:32.503Z", "rating": "5.0"}}, {"model": "Seller.product", "pk": "wA1ulLExLa", "fields": {"seller": 15, "name": "The Creation of Adam", "price": "12889.00", "description": "Part of the Sistine Chapel ceiling, this fresco illustrates the biblical moment God gives life to Adam. Michelangelos dynamic composition and muscular figures have become iconic symbols of divine creation.", "image": "product_images/sports-car-futuristic-mountain-sunset-scenery-digital-art-4k-wallpaper-uh_EzwkMr3.jpg", "category": "oil", "size": "8x10", "created_at": "2024-08-02T13:20:03.968Z", "updated_at": "2024-08-02T14:45:18.431Z", "rating": "4.0"}}, {"model": "Seller.order", "pk": "DUPkH1r3SG", "fields": {"user": 20, "created_at": "2024-08-02T14:44:33.561Z", "updated_at": "2024-08-02T14:44:33.561Z"}}, {"model": "Seller.order", "pk": "LQTjp0MD3r", "fields": {"user": 19, "created_at": "2024-08-02T14:00:52.880Z", "updated_at": "2024-08-02T14:00:52.880Z"}}, {"model": "Seller.order", "pk": "VUg6zrd-c5", "fields": {"user": 7, "created_at": "2024-08-03T10:39:31.930Z", "updated_at": "2024-08-03T10:39:31.930Z"}}, {"model": "Seller.order", "pk": "XWykN_cm69", "fields": {"user": 7, "created_at": "2024-08-02T13:24:49.926Z", "updated_at": "2024-08-02T13:24:49.926Z"}}, {"model": "Seller.order", "pk": "au3-ON5l2t", "fields": {"user": 7, "created_at": "2024-08-03T11:01:28.449Z", "updated_at": "2024-08-03T11:01:28.449Z"}}, {"model": "Seller.orderitem", "pk": "5Fu3WnV0sS", "fields": {"order": "DUPkH1r3SG", "product": "m811sfKt_K", "quantity": 2, "price": "12499.00"}}, {"model": "Seller.orderitem", "pk": "5K0gJftriN", "fields": {"order": "VUg6zrd-c5", "product": "7FH5t_Cq59", "quantity": 1, "price": "8722.00"}}, {"model": "Seller.orderitem", "pk": "6F94ppaRum", "fields": {"order": "au3-ON5l2t", "product": "I_NSdxO7hD", "quantity": 1, "price": "23499.00"}}, {"model": "Seller.orderitem", "pk": "7sKDLfA_Oz", "fields": {"order": "LQTjp0MD3r", "product": "agt4jT33Mw", "quantity": 1, "price": "2499.00"}}, {"model": "Seller.orderitem", "pk": "8jEUMTWjoK", "fields": {"order": "XWykN_cm69", "product": "I_NSdxO7hD", "quantity": 2, "price": "23499.00"}}, {"model": "Seller.orderitem", "pk": "9mZGDgjoUT", "fields": {"order": "DUPkH1r3SG", "product": "3fXbPOAEIb", "quantity": 2, "price": "2199.00"}}, {"model": "Seller.orderitem", "pk": "DLku-gS3_x", "fields": {"order": "LQTjp0MD3r", "product": "7FH5t_Cq59", "quantity": 1, "price": "8722.00"}}, {"model": "Seller.orderitem", "pk": "FdAa_bsiO7", "fields": {"order": "DUPkH1r3SG", "product": "uY5pEVMMEF", "quantity": 2, "price": "6599.00"}}, {"model": "Seller.orderitem", "pk": "U6Sx1CrOQv", "fields": {"order": "DUPkH1r3SG", "product": "wA1ulLExLa", "quantity": 1, "price": "12889.00"}}, {"model": "Seller.orderitem", "pk": "XWFT3yCCYA", "fields": {"order": "VUg6zrd-c5", "product": "agt4jT33Mw", "quantity": 1, "price": "2499.00"}}, {"model": "Seller.orderitem", "pk": "jW7TAOWpYd", "fields": {"order": "DUPkH1r3SG", "product": "4pRKlr8JYL", "quantity": 2, "price": "7999.00"}}, {"model": "Seller.orderitem", "pk": "lfggkS0cvM", "fields": {"order": "LQTjp0MD3r", "product": "D7fuovZZVg", "quantity": 1, "price": "4699.00"}}, {"model": "Seller.orderitem", "pk": "pKdeq_Fhxg", "fields": {"order": "au3-ON5l2t", "product": "D7fuovZZVg", "quantity": 1, "price": "4699.00"}}, {"model": "Seller.orderitem", "pk": "qEzImMYKhI", "fields": {"order": "XWykN_cm69", "product": "4SbJLlyy2a", "quantity": 1, "price": "86909.00"}}, {"model": "Seller.orderitem", "pk": "zQQaAECG5_", "fields": {"order": "VUg6zrd-c5", "product": "I_NSdxO7hD", "quantity": 1, "price": "23499.00"}}, {"model": "Customer.shippinginfo", "pk": 256, "fields": {"customer": 7, "order": "XWykN_cm69", "first_name": "Divanshu", "last_name": "Soni", "email": "divanshusoni1412033@gmail.com", "phoneNumber": "9718718138", "address1": "A-89 Krishan vihar, Rohini", "address2": "Rohini", "Country": "India", "State": "Delhi", "City": "New Delhi", "zipCode": "110086", "paymentType": "Credit Card"}}, {"model": "Customer.shippinginfo", "pk": 257, "fields": {"customer": 19, "order": "LQTjp0MD3r", "first_name": "Divanshu", "last_name": "Soni", "email": "dragodiv18@gmail.com", "phoneNumber": "9718718138", "address1": "A 89 Krishan Vihar Shani Bazaar Road", "address2": null, "Country": "India", "State": "Delhi", "City": "New Delhi", "zipCode": "110086", "paymentType": "UPI"}}, {"model": "Customer.shippinginfo", "pk": 258, "fields": {"customer": 20, "order": "DUPkH1r3SG", "first_name": "Rajdwip", "last_name": "Paul", "email": "dragodiv18@gmail.com", "phoneNumber": "6291163081", "address1": "16,Kalinath Ghosal Road Ariadaha Kolkata -700057", "address2": "Land mark: opposite apartment of Sunday club puja Bedi", "Country": "India", "State": "West bengal", "City": "Kolkata", "zipCode": "700057", "paymentType": "Credit Card"}}, {"model": "Customer.shippinginfo", "pk": 259, "fields": {"customer": 7, "order": "VUg6zrd-c5", "first_name": "Ankur", "last_name": "Garg", "email": "ankurgarg89p@gmail.com", "phoneNumber": "1234567890", "address1": "Agra", "address2": "Agra", "Country": "india", "State": "uttar pradesh", "City": "afra", "zipCode": "110042", "paymentType": "Credit Card"}}, {"model": "Customer.shippinginfo", "pk": 260, "fields": {"customer": 7, "order": "au3-ON5l2t", "first_name": "Ankur", "last_name": "Garg", "email": "ankurtest07@test.com", "phoneNumber": "1234567890", "address1": "agra", "address2": null, "Country": "india", "State": "up", "City": "agra", "zipCode": "283121", "paymentType": "UPI"}}, {"model": "Customer.couponinfo", "pk": 1, "fields": {"code": "ANKUR30", "discount": "30.00", "active": true}}, {"model": "Customer.productreview", "pk": 7, "fields": {"user": 7, "product": "I_NSdxO7hD", "review": "The fluidity of the lines in this abstract piece is mesmerizing. The use of color creates a sense of motion, almost as if the painting is alive. Its a great conversation starter in my living room.", "rating": 4, "date": "2024-08-02T13:29:35.108Z"}}, {"model": "Customer.productreview", "pk": 8, "fields": {"user": 7, "product": "4SbJLlyy2a", "review": "This watercolor captures the soft hues of a sunset perfectly. The blending of colors is seamless, and the gentle strokes give a tranquil feel. It brings a sense of peace to my space.", "rating": 3, "date": "2024-08-02T13:29:46.836Z"}}, {"model": "Customer.productreview", "pk": 10, "fields": {"user": 7, "product": "I_NSdxO7hD", "review": "The detail in this pencil sketch is astounding. The intricate shading gives the forest a mystical, almost otherworldly quality. Its a beautiful piece that draws you in with its depth.", "rating": 5, "date": "2024-08-02T13:53:25.103Z"}}, {"model": "Customer.productreview", "pk": 11, "fields": {"user": 7, "product": "4SbJLlyy2a", "review": "A serene depiction of a countryside at dawn. The soft pastels and light brushwork create a calming atmosphere. Its subtle and understated, perfect for a bedroom or reading nook.", "rating": 4, "date": "2024-08-02T13:56:10.358Z"}}, {"model": "Customer.productreview", "pk": 12, "fields": {"user": 19, "product": "agt4jT33Mw", "review": "A refreshing seascape that captures the movement of the ocean with flowing, curvaceous lines. The monochromatic blue palette is soothing, though it could use a bit more variation in tone.", "rating": 4, "date": "2024-08-02T14:06:07.757Z"}}, {"model": "Customer.productreview", "pk": 13, "fields": {"user": 19, "product": "agt4jT33Mw", "review": "Delicate and intricate, this drawing brings a touch of vintage charm. The attention to detail in the petals and leaves is impressive. Its a lovely addition to a cozy, rustic interior.", "rating": 2, "date": "2024-08-02T14:06:20.030Z"}}, {"model": "Customer.productreview", "pk": 14, "fields": {"user": 19, "product": "7FH5t_Cq59", "review": "An interesting blend of natural and geometric forms. The use of sharp angles with organic shapes creates a unique visual tension. Its modern and minimalist, though it might not appeal to everyone.", "rating": 5, "date": "2024-08-02T14:06:31.869Z"}}, {"model": "Customer.productreview", "pk": 15, "fields": {"user": 19, "product": "7FH5t_Cq59", "review": "A classic still life thats beautifully rendered. The vibrant colors and precise brushstrokes bring the fruit to life, almost tempting you to reach out and grab a piece. Its timeless and elegant.", "rating": 3, "date": "2024-08-02T14:06:46.500Z"}}, {"model": "Customer.productreview", "pk": 16, "fields": {"user": 19, "product": "D7fuovZZVg", "review": "This painting feels like stepping into a dream. The surreal imagery is captivating, with elements that seem familiar yet otherworldly. Its imaginative and leaves plenty of room for interpretation.", "rating": 3, "date": "2024-08-02T14:06:57.892Z"}}, {"model": "Customer.productreview", "pk": 17, "fields": {"user": 19, "product": "D7fuovZZVg", "review": "A stunningly realistic portrait. The attention to detail in the eyes and skin tones is remarkable. Its a bit formal for casual spaces, but perfect for those who appreciate traditional portraiture.", "rating": 1, "date": "2024-08-02T14:07:11.770Z"}}, {"model": "Customer.productreview", "pk": 18, "fields": {"user": 20, "product": "wA1ulLExLa", "review": "An abstract work featuring bold shapes, vibrant colors, and dynamic forms. Kandinskys composition is a seminal example of abstract art, aiming to evoke emotion and visual harmony through non-representational elements.", "rating": 4, "date": "2024-08-02T14:45:18.404Z"}}, {"model": "Customer.productreview", "pk": 19, "fields": {"user": 20, "product": "3fXbPOAEIb", "review": "An abstract work featuring bold shapes, vibrant colors, and dynamic forms. Kandinskys composition is a seminal example of abstract art, aiming to evoke emotion and visual harmony through non-representational elements.", "rating": 2, "date": "2024-08-02T14:45:23.979Z"}}, {"model": "Customer.productreview", "pk": 20, "fields": {"user": 20, "product": "uY5pEVMMEF", "review": "An abstract work featuring bold shapes, vibrant colors, and dynamic forms. Kandinskys composition is a seminal example of abstract art, aiming to evoke emotion and visual harmony through non-representational elements.", "rating": 5, "date": "2024-08-02T14:45:32.476Z"}}, {"model": "Customer.productreview", "pk": 21, "fields": {"user": 20, "product": "4pRKlr8JYL", "review": "An abstract work featuring bold shapes, vibrant colors, and dynamic forms. Kandinskys composition is a seminal example of abstract art, aiming to evoke emotion and visual harmony through non-representational elements.", "rating": 2, "date": "2024-08-02T14:45:38.629Z"}}, {"model": "Customer.productreview", "pk": 22, "fields": {"user": 20, "product": "m811sfKt_K", "review": "An abstract work featuring bold shapes, vibrant colors, and dynamic forms. Kandinskys composition is a seminal example of abstract art, aiming to evoke emotion and visual harmony through non-representational elements.", "rating": 4, "date": "2024-08-02T14:45:45.378Z"}}, {"model": "Customer.productreview", "pk": 23, "fields": {"user": 7, "product": "I_NSdxO7hD", "review": "my review", "rating": 3, "date": "2024-08-02T15:49:18.389Z"}}, {"model": "Customer.productreview", "pk": 25, "fields": {"user": 7, "product": "4SbJLlyy2a", "review": "this is a review", "rating": 4, "date": "2024-08-03T11:00:29.384Z"}}]
